MIDAS,total_records,pct_missing_TMAX,pct_missing_TMIN,pct_missing_DOMAX,pct_missing_DOMIN,pct_missing_MLD,pct_missing_MAXBF,pct_missing_CTR_BUOY,pct_missing_EPI_TEMP,pct_missing_HYPO_TEMP,pct_missing_INT_ENER,pct_missing_SCHMIDT,pct_missing_THERMO,pct_missing_WHOLE_TEMP,pct_missing_OXIC_DEPTH,pct_missing_FRAC_ANOXIC,pct_missing_TPEC,pct_missing_TPBG,pct_missing_CHLA,pct_missing_PH,pct_missing_COLOR,pct_missing_CONDUCT,pct_missing_ALK,pct_missing_chemical_overall
c4646,1,0.0,0.0,0.0,0.0,0.0,0.0,0.0,0.0,0.0,0.0,0.0,0.0,0.0,0.0,0.0,0.0,0.0,0.0,0.0,0.0,0.0,0.0,0.0
c5496,1,0.0,0.0,0.0,0.0,0.0,0.0,0.0,0.0,0.0,0.0,0.0,0.0,0.0,0.0,0.0,0.0,0.0,0.0,0.0,0.0,0.0,0.0,0.0
c1748,1,0.0,0.0,0.0,0.0,0.0,0.0,0.0,0.0,0.0,0.0,0.0,0.0,0.0,0.0,0.0,0.0,0.0,0.0,0.0,0.0,0.0,0.0,0.0
c4338,6,0.0,0.0,0.0,0.0,0.0,0.0,0.0,0.0,0.0,0.0,0.0,0.0,0.0,0.0,0.0,0.0,0.16666666666666666,0.0,0.0,0.0,0.0,0.0,0.007575757575757576
c3004,2,0.0,0.0,0.0,0.0,0.0,0.0,0.0,0.0,0.0,0.0,0.0,0.0,0.0,0.0,0.0,0.0,0.5,0.0,0.0,0.0,0.0,0.0,0.022727272727272728
c3764,2,0.0,0.0,0.0,0.0,0.0,0.0,0.0,0.0,0.0,0.0,0.0,0.0,0.0,0.0,0.0,0.0,0.5,0.0,0.0,0.0,0.0,0.0,0.022727272727272728
c0441,8,0.0,0.0,0.0,0.0,0.0,0.0,0.0,0.0,0.0,0.0,0.0,0.0,0.0,0.0,0.0,0.0,0.5,0.125,0.0,0.0,0.0,0.0,0.028409090909090908
c1530,4,0.0,0.0,0.0,0.0,0.0,0.0,0.0,0.0,0.0,0.0,0.0,0.0,0.0,0.0,0.0,0.0,0.75,0.0,0.0,0.0,0.0,0.0,0.03409090909090909
c5692,5,0.0,0.0,0.0,0.0,0.0,0.0,0.0,0.0,0.2,0.0,0.0,0.0,0.0,0.0,0.0,0.0,0.6,0.0,0.0,0.0,0.0,0.0,0.03636363636363636
c5032,5,0.0,0.0,0.0,0.0,0.0,0.0,0.0,0.0,0.0,0.0,0.0,0.0,0.0,0.0,0.0,0.0,0.8,0.0,0.0,0.0,0.0,0.0,0.03636363636363636
c1702,1,0.0,0.0,0.0,0.0,0.0,0.0,0.0,0.0,0.0,0.0,0.0,0.0,0.0,0.0,0.0,0.0,1.0,0.0,0.0,0.0,0.0,0.0,0.045454545454545456
c0243,4,0.0,0.0,0.0,0.0,0.0,0.0,0.0,0.0,0.0,0.0,0.0,0.0,0.0,0.0,0.0,0.0,1.0,0.0,0.0,0.0,0.0,0.0,0.045454545454545456
c0242,1,0.0,0.0,0.0,0.0,0.0,0.0,0.0,0.0,0.0,0.0,0.0,0.0,0.0,0.0,0.0,0.0,1.0,0.0,0.0,0.0,0.0,0.0,0.045454545454545456
c3732,3,0.0,0.0,0.0,0.0,0.0,0.0,0.0,0.0,0.0,0.0,0.0,0.0,0.0,0.0,0.0,0.0,1.0,0.0,0.0,0.0,0.0,0.0,0.045454545454545456
c5650,4,0.0,0.0,0.0,0.0,0.0,0.0,0.0,0.0,0.0,0.0,0.0,0.0,0.0,0.0,0.0,0.0,1.0,0.0,0.0,0.0,0.0,0.0,0.045454545454545456
c4696,1,0.0,0.0,0.0,0.0,0.0,0.0,0.0,0.0,0.0,0.0,0.0,0.0,0.0,0.0,0.0,0.0,1.0,0.0,0.0,0.0,0.0,0.0,0.045454545454545456
c4652,2,0.0,0.0,0.0,0.0,0.0,0.0,0.0,0.0,0.0,0.0,0.0,0.0,0.0,0.0,0.0,0.0,1.0,0.0,0.0,0.0,0.0,0.0,0.045454545454545456
c2084,1,0.0,0.0,0.0,0.0,0.0,0.0,0.0,0.0,0.0,0.0,0.0,0.0,0.0,0.0,0.0,0.0,1.0,0.0,0.0,0.0,0.0,0.0,0.045454545454545456
c1906,1,0.0,0.0,0.0,0.0,0.0,0.0,0.0,0.0,0.0,0.0,0.0,0.0,0.0,0.0,0.0,0.0,0.0,0.0,1.0,0.0,0.0,0.0,0.045454545454545456
c4698,1,0.0,0.0,0.0,0.0,0.0,0.0,0.0,0.0,0.0,0.0,0.0,0.0,0.0,0.0,0.0,0.0,1.0,0.0,0.0,0.0,0.0,0.0,0.045454545454545456
c1332,4,0.0,0.0,0.0,0.0,0.0,0.0,0.0,0.0,0.0,0.0,0.0,0.0,0.0,0.0,0.0,0.0,1.0,0.0,0.0,0.0,0.0,0.0,0.045454545454545456
c2104,1,0.0,0.0,0.0,0.0,0.0,0.0,0.0,0.0,0.0,0.0,0.0,0.0,0.0,0.0,0.0,0.0,1.0,0.0,0.0,0.0,0.0,0.0,0.045454545454545456
c1282,1,0.0,0.0,0.0,0.0,0.0,0.0,0.0,0.0,0.0,0.0,0.0,0.0,0.0,0.0,0.0,0.0,1.0,0.0,0.0,0.0,0.0,0.0,0.045454545454545456
c0314,1,0.0,0.0,0.0,0.0,0.0,0.0,0.0,0.0,0.0,0.0,0.0,0.0,0.0,0.0,0.0,0.0,1.0,0.0,0.0,0.0,0.0,0.0,0.045454545454545456
c0954,3,0.0,0.0,0.0,0.0,0.0,0.0,0.0,0.0,0.0,0.0,0.0,0.0,0.0,0.0,0.0,0.0,1.0,0.0,0.0,0.0,0.0,0.0,0.045454545454545456
c0774,1,0.0,0.0,0.0,0.0,0.0,0.0,0.0,0.0,0.0,0.0,0.0,0.0,0.0,0.0,0.0,0.0,1.0,0.0,0.0,0.0,0.0,0.0,0.045454545454545456
c0700,2,0.0,0.0,0.0,0.0,0.0,0.0,0.0,0.0,0.0,0.0,0.0,0.0,0.0,0.0,0.0,0.0,1.0,0.0,0.0,0.0,0.0,0.0,0.045454545454545456
c5406,4,0.0,0.0,0.0,0.0,0.0,0.0,0.0,0.0,0.0,0.0,0.0,0.0,0.0,0.0,0.0,0.0,1.0,0.0,0.0,0.0,0.0,0.0,0.045454545454545456
c5418,5,0.0,0.0,0.0,0.0,0.0,0.0,0.0,0.0,0.0,0.0,0.0,0.0,0.0,0.0,0.0,0.0,1.0,0.0,0.0,0.0,0.0,0.0,0.045454545454545456
c0576,2,0.0,0.0,0.0,0.0,0.0,0.0,0.0,0.0,0.0,0.0,0.0,0.0,0.0,0.0,0.0,0.0,1.0,0.0,0.0,0.0,0.0,0.0,0.045454545454545456
c5420,2,0.0,0.0,0.0,0.0,0.0,0.0,0.0,0.0,1.0,0.0,0.0,0.0,0.0,0.0,0.0,0.0,0.0,0.0,0.0,0.0,0.0,0.0,0.045454545454545456
c0380,1,0.0,0.0,0.0,0.0,0.0,0.0,0.0,0.0,0.0,0.0,0.0,0.0,0.0,0.0,0.0,0.0,1.0,0.0,0.0,0.0,0.0,0.0,0.045454545454545456
c5470,2,0.0,0.0,0.0,0.0,0.0,0.0,0.0,0.0,0.0,0.0,0.0,0.0,0.0,0.0,0.0,0.0,1.0,0.0,0.0,0.0,0.0,0.0,0.045454545454545456
c5684,5,0.0,0.0,0.0,0.0,0.0,0.0,0.0,0.0,0.0,0.0,0.0,0.0,0.0,0.0,0.0,0.0,1.0,0.0,0.0,0.0,0.0,0.0,0.045454545454545456
c1526,7,0.0,0.0,0.0,0.0,0.0,0.0,0.0,0.0,0.0,0.0,0.0,0.0,0.0,0.0,0.0,0.14285714285714285,0.7142857142857143,0.14285714285714285,0.0,0.0,0.0,0.0,0.045454545454545456
c2140,1,0.0,0.0,0.0,0.0,0.0,0.0,0.0,0.0,0.0,0.0,0.0,0.0,0.0,0.0,0.0,0.0,1.0,0.0,0.0,0.0,0.0,0.0,0.045454545454545456
c2020,2,0.0,0.0,0.0,0.0,0.0,0.0,0.0,0.0,0.0,0.0,0.0,0.0,0.0,0.0,0.0,0.0,1.0,0.0,0.0,0.0,0.0,0.0,0.045454545454545456
c4432,1,0.0,0.0,0.0,0.0,0.0,0.0,0.0,0.0,1.0,0.0,0.0,0.0,0.0,0.0,0.0,0.0,0.0,0.0,0.0,0.0,0.0,0.0,0.045454545454545456
c3568,3,0.0,0.0,0.0,0.0,0.0,0.0,0.0,0.0,0.0,0.0,0.0,0.0,0.0,0.0,0.0,0.0,1.0,0.0,0.0,0.0,0.0,0.0,0.045454545454545456
c3564,2,0.0,0.0,0.0,0.0,0.0,0.0,0.0,0.0,0.0,0.0,0.0,0.0,0.0,0.0,0.0,0.0,1.0,0.0,0.0,0.0,0.0,0.0,0.045454545454545456
c4012,1,0.0,0.0,0.0,0.0,0.0,0.0,0.0,0.0,0.0,0.0,0.0,0.0,0.0,0.0,0.0,0.0,1.0,0.0,0.0,0.0,0.0,0.0,0.045454545454545456
c3264,10,0.0,0.0,0.0,0.0,0.0,0.0,0.0,0.0,0.0,0.0,0.0,0.0,0.0,0.0,0.0,0.0,0.0,0.0,1.0,0.0,0.0,0.0,0.045454545454545456
c4132,4,0.0,0.0,0.0,0.0,0.0,0.0,0.0,0.0,0.0,0.0,0.0,0.0,0.0,0.0,0.0,0.5,0.5,0.0,0.0,0.0,0.0,0.0,0.045454545454545456
c4260,1,0.0,0.0,0.0,0.0,0.0,0.0,0.0,0.0,0.0,0.0,0.0,0.0,0.0,0.0,0.0,0.0,1.0,0.0,0.0,0.0,0.0,0.0,0.045454545454545456
c3138,4,0.0,0.0,0.0,0.0,0.0,0.0,0.0,0.0,0.0,0.0,0.0,0.0,0.0,0.0,0.0,0.0,1.0,0.0,0.0,0.0,0.0,0.0,0.045454545454545456
c4618,1,0.0,0.0,0.0,0.0,0.0,0.0,0.0,0.0,0.0,0.0,0.0,0.0,0.0,0.0,0.0,0.0,1.0,0.0,0.0,0.0,0.0,0.0,0.045454545454545456
c9713,3,0.0,0.0,0.0,0.0,0.0,0.0,0.0,0.0,0.0,0.0,0.0,0.0,0.0,0.0,0.0,0.0,1.0,0.0,0.0,0.0,0.0,0.0,0.045454545454545456
c3011,2,0.0,0.0,0.0,0.0,0.0,0.0,0.0,0.0,0.0,0.0,0.0,0.0,0.0,0.0,0.0,0.0,1.0,0.0,0.0,0.0,0.0,0.0,0.045454545454545456
c2838,1,0.0,0.0,0.0,0.0,0.0,0.0,0.0,0.0,0.0,0.0,0.0,0.0,0.0,0.0,0.0,0.0,1.0,0.0,0.0,0.0,0.0,0.0,0.045454545454545456
c0403,1,0.0,0.0,0.0,0.0,0.0,0.0,0.0,0.0,0.0,0.0,0.0,0.0,0.0,0.0,0.0,0.0,1.0,0.0,0.0,0.0,0.0,0.0,0.045454545454545456
c2718,2,0.0,0.0,0.0,0.0,0.0,0.0,0.0,0.0,0.0,0.0,0.0,0.0,0.0,0.0,0.0,0.0,1.0,0.0,0.0,0.0,0.0,0.0,0.045454545454545456
c2730,1,0.0,0.0,0.0,0.0,0.0,0.0,0.0,0.0,0.0,0.0,0.0,0.0,0.0,0.0,0.0,0.0,1.0,0.0,0.0,0.0,0.0,0.0,0.045454545454545456
c5690,8,0.0,0.0,0.0,0.0,0.0,0.0,0.0,0.0,0.0,0.0,0.0,0.0,0.0,0.0,0.0,0.125,0.875,0.125,0.0,0.0,0.0,0.0,0.05113636363636364
c2480,23,0.0,0.0,0.0,0.0,0.0,0.0,0.0,0.0,0.0,0.0,0.0,0.0,0.0,0.0,0.0,0.13043478260869565,1.0,0.08695652173913043,0.0,0.0,0.0,0.0,0.05533596837944664
c0009,4,0.0,0.0,0.0,0.0,0.0,0.0,0.0,0.0,0.0,0.0,0.0,0.0,0.0,0.0,0.0,0.25,1.0,0.0,0.0,0.0,0.0,0.0,0.056818181818181816
c1512,11,0.0,0.0,0.0,0.0,0.0,0.0,0.0,0.0,0.0,0.0,0.0,0.0,0.0,0.0,0.0,0.18181818181818182,0.9090909090909091,0.18181818181818182,0.0,0.0,0.0,0.0,0.05785123966942149
c1524,7,0.0,0.0,0.0,0.0,0.0,0.0,0.0,0.0,0.0,0.0,0.0,0.0,0.0,0.0,0.0,0.14285714285714285,1.0,0.14285714285714285,0.0,0.0,0.0,0.0,0.05844155844155844
c2474,21,0.0,0.0,0.0,0.0,0.0,0.0,0.0,0.0,0.09523809523809523,0.0,0.0,0.09523809523809523,0.0,0.0,0.0,0.047619047619047616,1.0,0.047619047619047616,0.0,0.0,0.0,0.0,0.05844155844155844
c0836,3,0.0,0.0,0.0,0.0,0.0,0.0,0.0,0.0,0.0,0.0,0.0,0.0,0.0,0.0,0.0,0.3333333333333333,0.6666666666666666,0.3333333333333333,0.0,0.0,0.0,0.0,0.06060606060606061
c4302,8,0.0,0.0,0.0,0.0,0.0,0.125,0.125,0.125,0.125,0.0,0.0,0.125,0.0,0.0,0.0,0.0,0.625,0.125,0.0,0.0,0.0,0.0,0.0625
c2712,5,0.0,0.0,0.0,0.0,0.0,0.0,0.0,0.0,0.2,0.0,0.0,0.2,0.0,0.0,0.0,0.0,1.0,0.0,0.0,0.0,0.0,0.0,0.06363636363636363
c1254,5,0.0,0.0,0.0,0.0,0.0,0.0,0.0,0.0,0.0,0.0,0.0,0.0,0.0,0.0,0.0,0.2,1.0,0.2,0.0,0.0,0.0,0.0,0.06363636363636363
c4296,6,0.0,0.0,0.0,0.0,0.0,0.0,0.0,0.0,0.16666666666666666,0.0,0.0,0.16666666666666666,0.0,0.0,0.0,0.0,1.0,0.16666666666666666,0.0,0.0,0.0,0.0,0.06818181818181818
c1516,7,0.0,0.0,0.0,0.0,0.0,0.0,0.0,0.0,0.0,0.0,0.0,0.0,0.0,0.0,0.0,0.2857142857142857,1.0,0.2857142857142857,0.0,0.0,0.0,0.0,0.07142857142857142
c3220,49,0.0,0.0,0.0,0.0,0.04081632653061224,0.08163265306122448,0.08163265306122448,0.08163265306122448,0.08163265306122448,0.04081632653061224,0.04081632653061224,0.08163265306122448,0.04081632653061224,0.0,0.0,0.08163265306122448,0.9591836734693877,0.0,0.0,0.0,0.0,0.0,0.07328385899814471
c1110,107,0.009345794392523364,0.009345794392523364,0.018691588785046728,0.018691588785046728,0.028037383177570093,0.028037383177570093,0.028037383177570093,0.028037383177570093,0.1308411214953271,0.028037383177570093,0.028037383177570093,0.1308411214953271,0.028037383177570093,0.018691588785046728,0.018691588785046728,0.056074766355140186,1.0,0.04672897196261682,0.0,0.0,0.0,0.0,0.0751911639762107
c4156,32,0.0,0.0,0.0,0.0,0.03125,0.03125,0.03125,0.03125,0.25,0.03125,0.03125,0.125,0.03125,0.0,0.0,0.03125,0.875,0.21875,0.0,0.0,0.0,0.0,0.078125
c2642,11,0.0,0.0,0.0,0.0,0.0,0.0,0.0,0.0,0.0,0.0,0.0,0.0,0.0,0.0,0.0,0.0,0.7272727272727273,0.0,1.0,0.0,0.0,0.0,0.07851239669421488
c5694,4,0.0,0.0,0.0,0.0,0.0,0.0,0.0,0.0,0.75,0.0,0.0,0.0,0.0,0.0,0.0,0.0,1.0,0.0,0.0,0.0,0.0,0.0,0.07954545454545454
c1100,111,0.02702702702702703,0.02702702702702703,0.036036036036036036,0.036036036036036036,0.05405405405405406,0.05405405405405406,0.05405405405405406,0.05405405405405406,0.05405405405405406,0.05405405405405406,0.05405405405405406,0.05405405405405406,0.05405405405405406,0.036036036036036036,0.036036036036036036,0.05405405405405406,1.0,0.09009009009009009,0.0,0.0,0.0,0.0,0.08312858312858312
c3954,13,0.0,0.0,0.0,0.0,0.0,0.0,0.0,0.0,0.0,0.0,0.0,0.0,0.0,0.0,0.0,0.0,0.9230769230769231,0.0,1.0,0.0,0.0,0.0,0.08741258741258741
c7407,71,0.04225352112676056,0.04225352112676056,0.04225352112676056,0.04225352112676056,0.04225352112676056,0.04225352112676056,0.04225352112676056,0.04225352112676056,0.09859154929577464,0.04225352112676056,0.04225352112676056,0.09859154929577464,0.04225352112676056,0.04225352112676056,0.04225352112676056,0.1267605633802817,1.0,0.07042253521126761,0.0,0.0,0.0,0.0,0.088348271446863
c5246,25,0.0,0.0,0.0,0.0,0.04,0.2,0.2,0.2,0.2,0.04,0.04,0.2,0.04,0.0,0.0,0.12,0.64,0.04,0.0,0.0,0.0,0.0,0.0890909090909091
c5456,3,0.0,0.0,0.0,0.0,0.0,0.0,0.0,0.0,1.0,0.0,0.0,0.0,0.0,0.0,0.0,0.0,1.0,0.0,0.0,0.0,0.0,0.0,0.09090909090909091
c3636,2,0.0,0.0,0.0,0.0,0.0,0.0,0.0,0.0,0.0,0.0,0.0,0.0,0.0,0.0,0.0,0.5,1.0,0.5,0.0,0.0,0.0,0.0,0.09090909090909091
c0534,5,0.0,0.0,0.0,0.0,0.0,0.0,0.0,0.0,0.0,0.0,0.0,0.0,0.0,0.0,0.0,0.0,1.0,0.0,1.0,0.0,0.0,0.0,0.09090909090909091
c2766,1,0.0,0.0,0.0,0.0,0.0,0.0,0.0,0.0,0.0,0.0,0.0,0.0,0.0,0.0,0.0,0.0,1.0,0.0,1.0,0.0,0.0,0.0,0.09090909090909091
c4252,1,0.0,0.0,0.0,0.0,0.0,0.0,0.0,0.0,0.0,0.0,0.0,0.0,0.0,0.0,0.0,0.0,1.0,0.0,0.0,1.0,0.0,0.0,0.09090909090909091
c0720,6,0.0,0.0,0.0,0.0,0.0,0.0,0.0,0.0,0.5,0.0,0.0,0.5,0.0,0.0,0.0,0.0,1.0,0.0,0.0,0.0,0.0,0.0,0.09090909090909091
c2758,2,0.0,0.0,0.0,0.0,0.0,0.0,0.0,0.0,0.0,0.0,0.0,0.0,0.0,0.0,0.0,0.0,1.0,0.0,1.0,0.0,0.0,0.0,0.09090909090909091
c5284,5,0.0,0.0,0.0,0.0,0.0,0.0,0.2,0.0,0.4,0.0,0.0,0.4,0.0,0.0,0.0,0.0,1.0,0.0,0.0,0.0,0.0,0.0,0.09090909090909091
c2726,5,0.0,0.0,0.0,0.0,0.0,0.0,0.0,0.0,0.0,0.0,0.0,0.0,0.0,0.0,0.0,0.0,1.0,0.0,1.0,0.0,0.0,0.0,0.09090909090909091
c1918,1,0.0,0.0,0.0,0.0,0.0,0.0,0.0,0.0,0.0,0.0,0.0,0.0,0.0,0.0,0.0,0.0,1.0,0.0,1.0,0.0,0.0,0.0,0.09090909090909091
c1304,1,0.0,0.0,0.0,0.0,0.0,0.0,0.0,0.0,0.0,0.0,0.0,0.0,0.0,0.0,0.0,0.0,1.0,0.0,1.0,0.0,0.0,0.0,0.09090909090909091
c2752,2,0.0,0.0,0.0,0.0,0.0,0.0,0.0,0.0,0.0,0.0,0.0,0.0,0.0,0.0,0.0,0.0,1.0,0.0,1.0,0.0,0.0,0.0,0.09090909090909091
c2922,1,0.0,0.0,0.0,0.0,0.0,0.0,0.0,0.0,0.0,0.0,0.0,0.0,0.0,0.0,0.0,0.0,1.0,0.0,1.0,0.0,0.0,0.0,0.09090909090909091
c2756,2,0.0,0.0,0.0,0.0,0.0,0.0,0.0,0.0,0.0,0.0,0.0,0.0,0.0,0.0,0.0,0.0,1.0,0.0,1.0,0.0,0.0,0.0,0.09090909090909091
c4694,4,0.0,0.0,0.0,0.0,0.0,0.0,0.0,0.0,0.0,0.0,0.0,0.0,0.0,0.0,0.0,0.5,1.0,0.5,0.0,0.0,0.0,0.0,0.09090909090909091
c0782,3,0.0,0.0,0.0,0.0,0.0,0.0,0.0,0.0,0.0,0.0,0.0,0.0,0.0,0.0,0.0,0.0,1.0,0.0,1.0,0.0,0.0,0.0,0.09090909090909091
c1920,2,0.0,0.0,0.0,0.0,0.0,0.0,0.0,0.0,0.0,0.0,0.0,0.0,0.0,0.0,0.0,0.0,1.0,0.0,1.0,0.0,0.0,0.0,0.09090909090909091
c9641,5,0.0,0.0,0.0,0.0,0.0,0.0,0.0,0.0,0.0,0.0,0.0,0.0,0.0,0.0,0.0,0.0,1.0,0.0,1.0,0.0,0.0,0.0,0.09090909090909091
c0062,1,0.0,0.0,0.0,0.0,0.0,0.0,0.0,0.0,0.0,0.0,0.0,0.0,0.0,0.0,0.0,0.0,1.0,0.0,1.0,0.0,0.0,0.0,0.09090909090909091
c0344,4,0.0,0.0,0.0,0.0,0.0,0.0,0.0,0.0,0.0,0.0,0.0,0.0,0.0,0.0,0.0,0.0,1.0,0.0,1.0,0.0,0.0,0.0,0.09090909090909091
c9785,1,0.0,0.0,0.0,0.0,0.0,0.0,0.0,0.0,0.0,0.0,0.0,0.0,0.0,0.0,0.0,0.0,1.0,0.0,1.0,0.0,0.0,0.0,0.09090909090909091
c0074,1,0.0,0.0,0.0,0.0,0.0,0.0,0.0,0.0,1.0,0.0,0.0,0.0,0.0,0.0,0.0,0.0,1.0,0.0,0.0,0.0,0.0,0.0,0.09090909090909091
c9861,2,0.0,0.0,0.0,0.0,0.0,0.0,0.0,0.0,0.0,0.0,0.0,0.0,0.0,0.0,0.0,0.0,1.0,0.0,1.0,0.0,0.0,0.0,0.09090909090909091
c3354,6,0.0,0.0,0.0,0.0,0.0,0.0,0.0,0.0,0.0,0.0,0.0,0.0,0.0,0.0,0.0,0.0,1.0,0.16666666666666666,1.0,0.0,0.0,0.0,0.09848484848484848
c5384,5,0.0,0.0,0.0,0.0,0.0,0.0,0.0,0.0,0.2,0.0,0.0,0.2,0.0,0.0,0.0,0.6,0.6,0.6,0.0,0.0,0.0,0.0,0.1
c3104,4,0.0,0.0,0.0,0.0,0.0,0.0,0.0,0.0,0.0,0.0,0.0,0.0,0.0,0.0,0.0,0.25,0.75,0.25,1.0,0.0,0.0,0.0,0.10227272727272728
c1088,107,0.056074766355140186,0.056074766355140186,0.06542056074766354,0.06542056074766354,0.07476635514018691,0.07476635514018691,0.07476635514018691,0.07476635514018691,0.08411214953271028,0.07476635514018691,0.07476635514018691,0.08411214953271028,0.07476635514018691,0.06542056074766354,0.06542056074766354,0.102803738317757,1.0,0.08411214953271028,0.0,0.0,0.0,0.0,0.10237892948173322
c4704,64,0.078125,0.078125,0.078125,0.078125,0.078125,0.078125,0.078125,0.078125,0.078125,0.078125,0.078125,0.078125,0.078125,0.078125,0.078125,0.109375,1.0,0.09375,0.0,0.0,0.0,0.0,0.10795454545454546
c4330,4,0.0,0.0,0.0,0.0,0.0,0.0,0.0,0.0,0.75,0.0,0.0,0.75,0.0,0.0,0.0,0.0,1.0,0.0,0.0,0.0,0.0,0.0,0.11363636363636363
c2566,24,0.08333333333333333,0.08333333333333333,0.08333333333333333,0.08333333333333333,0.08333333333333333,0.08333333333333333,0.08333333333333333,0.08333333333333333,0.08333333333333333,0.08333333333333333,0.08333333333333333,0.08333333333333333,0.08333333333333333,0.08333333333333333,0.08333333333333333,0.16666666666666666,1.0,0.16666666666666666,0.0,0.0,0.0,0.0,0.11742424242424243
c3616,177,0.07909604519774012,0.07909604519774012,0.07909604519774012,0.07909604519774012,0.11299435028248588,0.11299435028248588,0.11299435028248588,0.11299435028248588,0.11864406779661017,0.11299435028248588,0.11299435028248588,0.11299435028248588,0.11299435028248588,0.07909604519774012,0.07909604519774012,0.14124293785310735,0.8022598870056498,0.20903954802259886,0.0,0.0,0.0,0.0,0.1204417051874679
c1521,6,0.0,0.0,0.0,0.0,0.0,0.0,0.0,0.0,0.5,0.0,0.0,0.5,0.0,0.0,0.0,0.3333333333333333,1.0,0.3333333333333333,0.0,0.0,0.0,0.0,0.12121212121212122
c1916,3,0.0,0.0,0.0,0.0,0.0,0.0,0.0,0.0,0.0,0.0,0.0,0.0,0.0,0.0,0.0,0.3333333333333333,1.0,0.3333333333333333,1.0,0.0,0.0,0.0,0.12121212121212122
c5265,20,0.1,0.1,0.1,0.1,0.1,0.1,0.1,0.1,0.1,0.1,0.1,0.1,0.1,0.1,0.1,0.1,0.95,0.15,0.0,0.0,0.0,0.0,0.12272727272727273
c0254,7,0.0,0.0,0.0,0.0,0.0,0.0,0.0,0.0,0.0,0.0,0.0,0.0,0.0,0.0,0.0,0.2857142857142857,1.0,0.42857142857142855,1.0,0.0,0.0,0.0,0.12337662337662338
c3370,39,0.07692307692307693,0.07692307692307693,0.07692307692307693,0.07692307692307693,0.07692307692307693,0.07692307692307693,0.07692307692307693,0.07692307692307693,0.15384615384615385,0.07692307692307693,0.07692307692307693,0.1282051282051282,0.07692307692307693,0.07692307692307693,0.07692307692307693,0.28205128205128205,0.9487179487179487,0.28205128205128205,0.0,0.0,0.0,0.0,0.12703962703962704
c0019,5,0.0,0.0,0.0,0.0,0.2,0.2,0.2,0.2,0.2,0.2,0.2,0.2,0.2,0.0,0.0,0.2,0.8,0.0,0.0,0.0,0.0,0.0,0.12727272727272726
c3566,16,0.0,0.0,0.0,0.0,0.0,0.0,0.0,0.0,0.125,0.0,0.0,0.125,0.0,0.0,0.0,0.8125,0.9375,0.8125,0.0,0.0,0.0,0.0,0.1278409090909091
c9649,129,0.10077519379844961,0.10077519379844961,0.10077519379844961,0.10077519379844961,0.10077519379844961,0.10077519379844961,0.10077519379844961,0.10077519379844961,0.12403100775193798,0.10077519379844961,0.10077519379844961,0.11627906976744186,0.10077519379844961,0.10077519379844961,0.10077519379844961,0.14728682170542637,1.0,0.15503875968992248,0.0,0.0,0.0,0.0,0.12966878083157152
c1096,103,0.06796116504854369,0.06796116504854369,0.06796116504854369,0.06796116504854369,0.1262135922330097,0.1650485436893204,0.1650485436893204,0.1650485436893204,0.17475728155339806,0.1262135922330097,0.1262135922330097,0.17475728155339806,0.1262135922330097,0.06796116504854369,0.06796116504854369,0.038834951456310676,1.0,0.05825242718446602,0.0,0.0,0.0,0.0,0.1297440423654016
c5298,14,0.0,0.0,0.0,0.0,0.21428571428571427,0.21428571428571427,0.21428571428571427,0.21428571428571427,0.21428571428571427,0.21428571428571427,0.21428571428571427,0.21428571428571427,0.21428571428571427,0.0,0.0,0.5714285714285714,0.42857142857142855,0.0,0.0,0.0,0.0,0.0,0.1331168831168831
c2414,1,0.0,0.0,0.0,0.0,0.0,0.0,0.0,0.0,1.0,0.0,0.0,1.0,0.0,0.0,0.0,0.0,1.0,0.0,0.0,0.0,0.0,0.0,0.13636363636363635
c5358,1,0.0,0.0,0.0,0.0,0.0,0.0,0.0,0.0,1.0,0.0,0.0,1.0,0.0,0.0,0.0,0.0,1.0,0.0,0.0,0.0,0.0,0.0,0.13636363636363635
c1914,4,0.0,0.0,0.0,0.0,0.0,0.0,0.0,0.0,0.0,0.0,0.0,0.0,0.0,0.0,0.0,0.5,1.0,0.5,1.0,0.0,0.0,0.0,0.13636363636363635
c1958,1,0.0,0.0,0.0,0.0,0.0,0.0,0.0,0.0,1.0,0.0,0.0,1.0,0.0,0.0,0.0,0.0,1.0,0.0,0.0,0.0,0.0,0.0,0.13636363636363635
c5722,1,0.0,0.0,0.0,0.0,0.0,0.0,0.0,0.0,1.0,0.0,0.0,1.0,0.0,0.0,0.0,0.0,1.0,0.0,0.0,0.0,0.0,0.0,0.13636363636363635
c5696,4,0.0,0.0,0.0,0.0,0.0,0.0,0.0,0.0,0.0,0.0,0.0,0.0,0.0,0.0,0.0,0.5,1.0,0.5,0.0,0.0,1.0,0.0,0.13636363636363635
c0288,1,0.0,0.0,0.0,0.0,0.0,0.0,0.0,0.0,0.0,0.0,0.0,0.0,0.0,0.0,0.0,0.0,1.0,0.0,0.0,1.0,0.0,1.0,0.13636363636363635
c3038,2,0.0,0.0,0.0,0.0,0.0,0.0,0.0,0.0,1.0,0.0,0.0,1.0,0.0,0.0,0.0,0.0,1.0,0.0,0.0,0.0,0.0,0.0,0.13636363636363635
c4418,6,0.0,0.0,0.0,0.0,0.0,0.0,0.0,0.0,0.0,0.0,0.0,0.0,0.0,0.0,0.0,0.0,0.8333333333333334,0.3333333333333333,0.0,0.0,1.0,1.0,0.14393939393939395
c8065,303,0.056105610561056105,0.056105610561056105,0.066006600660066,0.066006600660066,0.07920792079207921,0.0924092409240924,0.09570957095709572,0.0924092409240924,0.15841584158415842,0.07920792079207921,0.07920792079207921,0.15841584158415842,0.07920792079207921,0.066006600660066,0.066006600660066,0.6468646864686468,0.9867986798679867,0.25412541254125415,0.0,0.0,0.0,0.0,0.14446444644464446
c0602,5,0.0,0.0,0.0,0.0,0.0,0.0,0.0,0.0,0.0,0.0,0.0,0.0,0.0,0.0,0.0,0.2,0.8,0.2,0.0,0.0,1.0,1.0,0.14545454545454545
c4788,4,0.0,0.0,0.0,0.0,0.0,0.0,0.25,0.0,1.0,0.0,0.0,1.0,0.0,0.0,0.0,0.0,1.0,0.0,0.0,0.0,0.0,0.0,0.14772727272727273
c4354,4,0.0,0.0,0.0,0.0,0.25,0.25,0.25,0.25,0.25,0.25,0.25,0.25,0.25,0.0,0.0,0.0,1.0,0.0,0.0,0.0,0.0,0.0,0.14772727272727273
c8385,29,0.0,0.0,0.0,0.0,0.06896551724137931,0.06896551724137931,0.10344827586206896,0.06896551724137931,0.8620689655172413,0.06896551724137931,0.06896551724137931,0.8620689655172413,0.06896551724137931,0.0,0.0,0.0,1.0,0.034482758620689655,0.0,0.0,0.0,0.0,0.14890282131661442
c2842,7,0.14285714285714285,0.14285714285714285,0.14285714285714285,0.14285714285714285,0.14285714285714285,0.14285714285714285,0.14285714285714285,0.14285714285714285,0.14285714285714285,0.14285714285714285,0.14285714285714285,0.14285714285714285,0.14285714285714285,0.14285714285714285,0.14285714285714285,0.14285714285714285,0.7142857142857143,0.2857142857142857,0.0,0.0,0.0,0.0,0.14935064935064934
c0788,3,0.0,0.0,0.0,0.0,0.0,0.0,0.0,0.0,1.0,0.0,0.0,0.3333333333333333,0.0,0.0,0.0,0.0,1.0,0.0,1.0,0.0,0.0,0.0,0.15151515151515152
c3780,133,0.10526315789473684,0.10526315789473684,0.10526315789473684,0.10526315789473684,0.12030075187969924,0.12030075187969924,0.15037593984962405,0.12030075187969924,0.3458646616541353,0.12030075187969924,0.12030075187969924,0.24060150375939848,0.12030075187969924,0.10526315789473684,0.10526315789473684,0.13533834586466165,1.0,0.12030075187969924,0.0,0.0,0.0,0.0,0.15208475734791524
c4308,6,0.16666666666666666,0.16666666666666666,0.16666666666666666,0.16666666666666666,0.16666666666666666,0.16666666666666666,0.16666666666666666,0.16666666666666666,0.16666666666666666,0.16666666666666666,0.16666666666666666,0.16666666666666666,0.16666666666666666,0.16666666666666666,0.16666666666666666,0.16666666666666666,0.5,0.3333333333333333,0.0,0.0,0.0,0.0,0.1590909090909091
c4458,303,0.0429042904290429,0.0429042904290429,0.0429042904290429,0.0429042904290429,0.0858085808580858,0.0924092409240924,0.0924092409240924,0.0924092409240924,0.18151815181518152,0.0858085808580858,0.0858085808580858,0.1782178217821782,0.0858085808580858,0.0429042904290429,0.0429042904290429,0.6534653465346535,1.0,0.6534653465346535,0.0,0.0,0.0,0.0,0.16111611161116113
c4288,5,0.0,0.0,0.0,0.0,0.2,0.2,0.2,0.2,0.6,0.2,0.2,0.6,0.2,0.0,0.0,0.0,1.0,0.0,0.0,0.0,0.0,0.0,0.16363636363636364
c0580,5,0.0,0.0,0.0,0.0,0.0,0.0,0.0,0.0,0.4,0.0,0.0,0.0,0.0,0.0,0.0,0.2,0.8,0.2,0.0,0.0,1.0,1.0,0.16363636363636364
c3128,38,0.10526315789473684,0.10526315789473684,0.10526315789473684,0.10526315789473684,0.10526315789473684,0.10526315789473684,0.10526315789473684,0.10526315789473684,0.7631578947368421,0.10526315789473684,0.10526315789473684,0.21052631578947367,0.10526315789473684,0.10526315789473684,0.10526315789473684,0.15789473684210525,0.9473684210526315,0.15789473684210525,0.0,0.0,0.0,0.0,0.1638755980861244
c1730,3,0.0,0.0,0.0,0.0,0.0,0.0,0.0,0.0,1.0,0.0,0.0,1.0,0.0,0.0,0.0,0.3333333333333333,1.0,0.3333333333333333,0.0,0.0,0.0,0.0,0.16666666666666666
c0170,13,0.0,0.0,0.0,0.0,0.07692307692307693,0.07692307692307693,0.07692307692307693,0.07692307692307693,0.15384615384615385,0.07692307692307693,0.07692307692307693,0.15384615384615385,0.07692307692307693,0.0,0.0,0.23076923076923078,1.0,0.6153846153846154,1.0,0.0,0.0,0.0,0.16783216783216784
c5300,21,0.047619047619047616,0.047619047619047616,0.047619047619047616,0.047619047619047616,0.09523809523809523,0.09523809523809523,0.14285714285714285,0.09523809523809523,0.8095238095238095,0.09523809523809523,0.09523809523809523,0.8095238095238095,0.09523809523809523,0.047619047619047616,0.047619047619047616,0.09523809523809523,1.0,0.047619047619047616,0.0,0.0,0.0,0.0,0.170995670995671
c1214,26,0.038461538461538464,0.038461538461538464,0.038461538461538464,0.038461538461538464,0.038461538461538464,0.038461538461538464,0.07692307692307693,0.038461538461538464,0.46153846153846156,0.038461538461538464,0.038461538461538464,0.4230769230769231,0.038461538461538464,0.038461538461538464,0.038461538461538464,0.6538461538461539,1.0,0.6923076923076923,0.0,0.0,0.0,0.0,0.17132867132867133
c0780,7,0.14285714285714285,0.14285714285714285,0.14285714285714285,0.14285714285714285,0.14285714285714285,0.14285714285714285,0.14285714285714285,0.14285714285714285,0.14285714285714285,0.14285714285714285,0.14285714285714285,0.14285714285714285,0.14285714285714285,0.14285714285714285,0.14285714285714285,0.2857142857142857,1.0,0.5714285714285714,0.0,0.0,0.0,0.0,0.18181818181818182
c1628,7,0.14285714285714285,0.14285714285714285,0.14285714285714285,0.14285714285714285,0.14285714285714285,0.14285714285714285,0.14285714285714285,0.14285714285714285,0.14285714285714285,0.14285714285714285,0.14285714285714285,0.14285714285714285,0.14285714285714285,0.14285714285714285,0.14285714285714285,0.42857142857142855,1.0,0.42857142857142855,0.0,0.0,0.0,0.0,0.18181818181818182
c3276,7,0.14285714285714285,0.14285714285714285,0.14285714285714285,0.14285714285714285,0.14285714285714285,0.14285714285714285,0.14285714285714285,0.14285714285714285,0.14285714285714285,0.14285714285714285,0.14285714285714285,0.14285714285714285,0.14285714285714285,0.14285714285714285,0.14285714285714285,0.42857142857142855,1.0,0.42857142857142855,0.0,0.0,0.0,0.0,0.18181818181818182
c4386,3,0.0,0.0,0.0,0.0,0.0,0.0,0.0,0.0,0.0,0.0,0.0,0.0,0.0,0.0,0.0,0.0,0.0,0.0,1.0,1.0,1.0,1.0,0.18181818181818182
c4514,1,0.0,0.0,0.0,0.0,0.0,0.0,0.0,0.0,0.0,0.0,0.0,0.0,0.0,0.0,0.0,1.0,1.0,0.0,0.0,1.0,0.0,1.0,0.18181818181818182
c0275,2,0.0,0.0,0.0,0.0,0.0,0.0,0.0,0.0,0.0,0.0,0.0,0.0,0.0,0.0,0.0,0.5,1.0,0.5,0.0,1.0,0.0,1.0,0.18181818181818182
c0316,5,0.0,0.0,0.0,0.0,0.0,0.0,0.0,0.0,0.6,0.0,0.0,0.6,0.0,0.0,0.0,0.2,1.0,0.6,1.0,0.0,0.0,0.0,0.18181818181818182
c4782,2,0.0,0.0,0.0,0.0,0.0,0.0,0.0,0.0,1.0,0.0,0.0,1.0,0.0,0.0,0.0,0.0,1.0,0.0,1.0,0.0,0.0,0.0,0.18181818181818182
c2702,1,0.0,0.0,0.0,0.0,0.0,0.0,0.0,0.0,0.0,0.0,0.0,0.0,0.0,0.0,0.0,1.0,1.0,0.0,0.0,1.0,0.0,1.0,0.18181818181818182
c1368,1,0.0,0.0,0.0,0.0,0.0,0.0,0.0,0.0,1.0,0.0,0.0,1.0,0.0,0.0,0.0,0.0,1.0,0.0,1.0,0.0,0.0,0.0,0.18181818181818182
c3062,1,0.0,0.0,0.0,0.0,0.0,0.0,0.0,0.0,0.0,0.0,0.0,0.0,0.0,0.0,0.0,0.0,1.0,0.0,0.0,1.0,1.0,1.0,0.18181818181818182
c4321,1,0.0,0.0,0.0,0.0,0.0,0.0,0.0,0.0,1.0,0.0,0.0,1.0,0.0,0.0,0.0,0.0,1.0,1.0,0.0,0.0,0.0,0.0,0.18181818181818182
c5038,1,0.0,0.0,0.0,0.0,0.0,0.0,0.0,0.0,0.0,0.0,0.0,0.0,0.0,0.0,0.0,0.0,0.0,0.0,1.0,1.0,1.0,1.0,0.18181818181818182
c9811,7,0.14285714285714285,0.14285714285714285,0.14285714285714285,0.14285714285714285,0.14285714285714285,0.14285714285714285,0.14285714285714285,0.14285714285714285,0.14285714285714285,0.14285714285714285,0.14285714285714285,0.14285714285714285,0.14285714285714285,0.14285714285714285,0.14285714285714285,0.14285714285714285,0.5714285714285714,0.14285714285714285,1.0,0.0,0.0,0.0,0.18181818181818182
c4268,4,0.0,0.0,0.0,0.0,0.0,0.0,0.0,0.0,0.0,0.0,0.0,0.0,0.0,0.0,0.0,0.0,1.0,0.0,1.0,0.0,1.0,1.0,0.18181818181818182
c0966,1,0.0,0.0,0.0,0.0,0.0,0.0,0.0,0.0,0.0,0.0,0.0,0.0,0.0,0.0,0.0,0.0,1.0,0.0,0.0,1.0,1.0,1.0,0.18181818181818182
c0478,3,0.0,0.0,0.0,0.0,0.0,0.0,0.0,0.0,1.0,0.0,0.0,1.0,0.0,0.0,0.0,0.0,1.0,0.0,1.0,0.0,0.0,0.0,0.18181818181818182
c4688,3,0.0,0.0,0.0,0.0,0.3333333333333333,0.3333333333333333,0.3333333333333333,0.3333333333333333,0.3333333333333333,0.3333333333333333,0.3333333333333333,0.3333333333333333,0.3333333333333333,0.0,0.0,0.0,1.0,0.0,0.0,0.0,0.0,0.0,0.18181818181818182
c0614,6,0.16666666666666666,0.16666666666666666,0.16666666666666666,0.16666666666666666,0.16666666666666666,0.16666666666666666,0.16666666666666666,0.16666666666666666,0.16666666666666666,0.16666666666666666,0.16666666666666666,0.16666666666666666,0.16666666666666666,0.16666666666666666,0.16666666666666666,0.16666666666666666,1.0,0.5,0.0,0.0,0.0,0.0,0.1893939393939394
c4612,334,0.08083832335329341,0.08083832335329341,0.08083832335329341,0.08083832335329341,0.1317365269461078,0.1377245508982036,0.1377245508982036,0.1377245508982036,0.2125748502994012,0.1317365269461078,0.1317365269461078,0.19760479041916168,0.1317365269461078,0.08083832335329341,0.08083832335329341,0.6976047904191617,0.9970059880239521,0.6916167664670658,0.0,0.0,0.0,0.0,0.19188894937397932
c2800,4,0.0,0.0,0.0,0.0,0.0,0.0,0.25,0.0,1.0,0.0,0.0,1.0,0.0,0.0,0.0,0.0,1.0,0.0,1.0,0.0,0.0,0.0,0.19318181818181818
c5302,164,0.018292682926829267,0.018292682926829267,0.018292682926829267,0.018292682926829267,0.22560975609756098,0.22560975609756098,0.22560975609756098,0.22560975609756098,0.22560975609756098,0.22560975609756098,0.22560975609756098,0.22560975609756098,0.22560975609756098,0.018292682926829267,0.018292682926829267,0.6402439024390244,0.9573170731707317,0.6158536585365854,0.0,0.0,0.0,0.0,0.19789356984478937
c5334,8,0.125,0.125,0.125,0.125,0.125,0.125,0.125,0.125,0.875,0.125,0.125,0.125,0.125,0.125,0.125,0.125,1.0,0.625,0.0,0.0,0.0,0.0,0.19886363636363635
c5374,25,0.08,0.08,0.12,0.12,0.08,0.08,0.08,0.08,0.12,0.08,0.08,0.12,0.08,0.12,0.12,1.0,1.0,1.0,0.0,0.0,0.0,0.0,0.2018181818181818
c1592,2,0.0,0.0,0.0,0.0,0.0,0.0,0.0,0.0,1.0,0.0,0.0,1.0,0.0,0.0,0.0,0.5,1.0,0.0,1.0,0.0,0.0,0.0,0.20454545454545456
c4708,141,0.18439716312056736,0.18439716312056736,0.18439716312056736,0.18439716312056736,0.19858156028368795,0.24113475177304963,0.24113475177304963,0.24113475177304963,0.2553191489361702,0.19858156028368795,0.19858156028368795,0.2553191489361702,0.19858156028368795,0.18439716312056736,0.18439716312056736,0.20567375886524822,1.0,0.2127659574468085,0.0,0.0,0.0,0.0,0.20696324951644102
c5366,229,0.10043668122270742,0.10043668122270742,0.10480349344978165,0.10480349344978165,0.16593886462882096,0.20087336244541484,0.2096069868995633,0.20087336244541484,0.5458515283842795,0.16593886462882096,0.16593886462882096,0.4759825327510917,0.16593886462882096,0.10480349344978165,0.10480349344978165,0.3624454148471616,0.9475982532751092,0.3930131004366812,0.0,0.0,0.0,0.0,0.21000396982929734
c2454,3,0.0,0.0,0.0,0.0,0.3333333333333333,0.3333333333333333,0.3333333333333333,0.3333333333333333,0.3333333333333333,0.3333333333333333,0.3333333333333333,0.3333333333333333,0.3333333333333333,0.0,0.0,0.3333333333333333,1.0,0.3333333333333333,0.0,0.0,0.0,0.0,0.21212121212121213
c1938,4,0.0,0.0,0.0,0.0,0.25,0.25,0.25,0.25,0.25,0.25,0.25,0.25,0.25,0.0,0.0,0.25,1.0,0.25,1.0,0.0,0.0,0.0,0.2159090909090909
c4540,60,0.1,0.1,0.1,0.1,0.16666666666666666,0.16666666666666666,0.16666666666666666,0.16666666666666666,0.2,0.16666666666666666,0.16666666666666666,0.16666666666666666,0.16666666666666666,0.1,0.1,0.9,0.9333333333333333,0.9333333333333333,0.0,0.0,0.0,0.0,0.22272727272727272
c4620,69,0.10144927536231885,0.10144927536231885,0.10144927536231885,0.10144927536231885,0.18840579710144928,0.18840579710144928,0.2028985507246377,0.18840579710144928,0.4782608695652174,0.18840579710144928,0.18840579710144928,0.4782608695652174,0.18840579710144928,0.10144927536231885,0.10144927536231885,0.5362318840579711,1.0,0.5362318840579711,0.0,0.0,0.0,0.0,0.2259552042160738
c3786,1,0.0,0.0,0.0,0.0,0.0,0.0,0.0,0.0,0.0,0.0,0.0,0.0,0.0,0.0,0.0,0.0,1.0,0.0,1.0,1.0,1.0,1.0,0.22727272727272727
c1034,2,0.0,0.0,0.0,0.0,0.0,0.0,0.0,0.0,0.0,0.0,0.0,0.0,0.0,0.0,0.0,0.0,1.0,0.0,1.0,1.0,1.0,1.0,0.22727272727272727
c0202,1,0.0,0.0,0.0,0.0,0.0,0.0,0.0,0.0,0.0,0.0,0.0,0.0,0.0,0.0,0.0,0.0,1.0,0.0,1.0,1.0,1.0,1.0,0.22727272727272727
c2284,1,0.0,0.0,0.0,0.0,0.0,0.0,1.0,0.0,1.0,0.0,0.0,1.0,0.0,0.0,0.0,0.0,1.0,1.0,0.0,0.0,0.0,0.0,0.22727272727272727
c1506,8,0.125,0.125,0.125,0.125,0.25,0.25,0.25,0.25,0.25,0.25,0.25,0.25,0.25,0.125,0.125,0.5,1.0,0.5,0.0,0.0,0.0,0.0,0.22727272727272727
c3080,1,0.0,0.0,0.0,0.0,0.0,0.0,0.0,0.0,0.0,0.0,0.0,0.0,0.0,0.0,0.0,0.0,1.0,0.0,1.0,1.0,1.0,1.0,0.22727272727272727
c0299,1,0.0,0.0,0.0,0.0,0.0,0.0,0.0,0.0,0.0,0.0,0.0,0.0,0.0,0.0,0.0,0.0,1.0,0.0,1.0,1.0,1.0,1.0,0.22727272727272727
c1514,7,0.14285714285714285,0.14285714285714285,0.14285714285714285,0.14285714285714285,0.2857142857142857,0.2857142857142857,0.2857142857142857,0.2857142857142857,0.2857142857142857,0.2857142857142857,0.2857142857142857,0.2857142857142857,0.2857142857142857,0.14285714285714285,0.14285714285714285,0.2857142857142857,1.0,0.2857142857142857,0.0,0.0,0.0,0.0,0.22727272727272727
c1150,133,0.20300751879699247,0.20300751879699247,0.20300751879699247,0.20300751879699247,0.23308270676691728,0.3233082706766917,0.3233082706766917,0.3233082706766917,0.3458646616541353,0.23308270676691728,0.23308270676691728,0.3458646616541353,0.23308270676691728,0.20300751879699247,0.20300751879699247,0.16541353383458646,1.0,0.18045112781954886,0.0,0.0,0.0,0.0,0.23444976076555024
c3212,57,0.19298245614035087,0.19298245614035087,0.19298245614035087,0.19298245614035087,0.3157894736842105,0.3157894736842105,0.3157894736842105,0.3157894736842105,0.3157894736842105,0.3157894736842105,0.3157894736842105,0.3157894736842105,0.3157894736842105,0.19298245614035087,0.19298245614035087,0.15789473684210525,0.8947368421052632,0.15789473684210525,0.0,0.0,0.0,0.0,0.23684210526315788
c3196,278,0.10071942446043165,0.10071942446043165,0.10431654676258993,0.10431654676258993,0.15827338129496402,0.25539568345323743,0.25539568345323743,0.25539568345323743,0.2805755395683453,0.15827338129496402,0.15827338129496402,0.2805755395683453,0.15827338129496402,0.10431654676258993,0.10431654676258993,0.8237410071942446,0.9892086330935251,0.8201438848920863,0.0,0.0,0.0,0.0,0.236919555264879
c9655,87,0.09195402298850575,0.09195402298850575,0.09195402298850575,0.09195402298850575,0.16091954022988506,0.16091954022988506,0.16091954022988506,0.16091954022988506,0.27586206896551724,0.16091954022988506,0.16091954022988506,0.27586206896551724,0.16091954022988506,0.09195402298850575,0.09195402298850575,0.5172413793103449,1.0,0.5172413793103449,0.0,0.0,1.0,0.0,0.2392894461859979
c5254,956,0.18410041841004185,0.18410041841004185,0.18410041841004185,0.18410041841004185,0.21548117154811716,0.2217573221757322,0.2301255230125523,0.2217573221757322,0.8294979079497908,0.21548117154811716,0.21548117154811716,0.29602510460251047,0.21548117154811716,0.18410041841004185,0.18410041841004185,0.6171548117154811,0.5658995815899581,0.37656903765690375,0.0,0.0,0.0,0.0,0.24205971852415367
c3828,319,0.16614420062695925,0.16614420062695925,0.1724137931034483,0.1724137931034483,0.18808777429467086,0.2006269592476489,0.21630094043887146,0.2006269592476489,0.3385579937304075,0.18808777429467086,0.18808777429467086,0.2601880877742947,0.18808777429467086,0.1724137931034483,0.1724137931034483,0.7147335423197492,0.9749216300940439,0.7115987460815048,0.0,0.0,0.0,0.0,0.2450840695354802
c3198,154,0.2077922077922078,0.2077922077922078,0.2077922077922078,0.2077922077922078,0.2792207792207792,0.2792207792207792,0.2792207792207792,0.2792207792207792,0.2792207792207792,0.2792207792207792,0.2792207792207792,0.2792207792207792,0.2792207792207792,0.2077922077922078,0.2077922077922078,0.4025974025974026,0.9090909090909091,0.35064935064935066,0.0,0.0,0.0,0.0,0.24645808736717828
c4900,91,0.18681318681318682,0.18681318681318682,0.18681318681318682,0.18681318681318682,0.18681318681318682,0.2087912087912088,0.2087912087912088,0.2087912087912088,0.2857142857142857,0.18681318681318682,0.18681318681318682,0.2087912087912088,0.18681318681318682,0.18681318681318682,0.18681318681318682,0.7912087912087912,0.8901098901098901,0.7692307692307693,0.0,0.0,0.0,0.0,0.24725274725274726
c5290,31,0.25806451612903225,0.25806451612903225,0.25806451612903225,0.25806451612903225,0.25806451612903225,0.25806451612903225,0.2903225806451613,0.25806451612903225,0.41935483870967744,0.25806451612903225,0.25806451612903225,0.41935483870967744,0.25806451612903225,0.25806451612903225,0.25806451612903225,0.5483870967741935,0.4838709677419355,0.1935483870967742,0.0,0.0,0.0,0.0,0.24780058651026393
c3830,430,0.1813953488372093,0.1813953488372093,0.19069767441860466,0.19069767441860466,0.2,0.20232558139534884,0.20930232558139536,0.20232558139534884,0.2558139534883721,0.2,0.2,0.2534883720930233,0.2,0.19069767441860466,0.19069767441860466,0.7162790697674418,0.9790697674418605,0.7209302325581395,0.0,0.0,0.0,0.0,0.24841437632135308
c0984,2,0.0,0.0,0.0,0.0,0.5,0.5,0.5,0.5,0.5,0.5,0.5,0.5,0.5,0.0,0.0,0.0,1.0,0.0,0.0,0.0,0.0,0.0,0.25
c4264,2,0.0,0.0,0.0,0.0,0.5,0.5,0.5,0.5,0.5,0.5,0.5,0.5,0.5,0.0,0.0,0.0,1.0,0.0,0.0,0.0,0.0,0.0,0.25
c2866,2,0.0,0.0,0.0,0.0,0.5,0.5,0.5,0.5,0.5,0.5,0.5,0.5,0.5,0.0,0.0,0.0,0.5,0.5,0.0,0.0,0.0,0.0,0.25
c4496,2,0.0,0.0,0.0,0.0,0.5,0.5,0.5,0.5,0.5,0.5,0.5,0.5,0.5,0.0,0.0,0.0,1.0,0.0,0.0,0.0,0.0,0.0,0.25
c1286,216,0.19907407407407407,0.19907407407407407,0.19907407407407407,0.19907407407407407,0.2037037037037037,0.2037037037037037,0.21296296296296297,0.2037037037037037,0.875,0.2037037037037037,0.2037037037037037,0.3148148148148148,0.2037037037037037,0.19907407407407407,0.19907407407407407,0.35185185185185186,0.9953703703703703,0.36574074074074076,0.0,0.0,0.0,0.0,0.25147306397306396
c4222,29,0.2413793103448276,0.2413793103448276,0.2413793103448276,0.2413793103448276,0.2413793103448276,0.2413793103448276,0.27586206896551724,0.2413793103448276,0.3448275862068966,0.2413793103448276,0.2413793103448276,0.3448275862068966,0.2413793103448276,0.2413793103448276,0.2413793103448276,0.3793103448275862,0.896551724137931,0.41379310344827586,0.0,0.0,0.0,0.0,0.25235109717868337
c3448,490,0.24285714285714285,0.24285714285714285,0.24285714285714285,0.24285714285714285,0.2653061224489796,0.2653061224489796,0.2653061224489796,0.2653061224489796,0.2653061224489796,0.2653061224489796,0.2653061224489796,0.2653061224489796,0.2653061224489796,0.24285714285714285,0.24285714285714285,0.36122448979591837,0.9816326530612245,0.3693877551020408,0.0,0.0,0.0,0.0,0.2525974025974026
c3126,448,0.24107142857142858,0.24107142857142858,0.24107142857142858,0.24107142857142858,0.265625,0.265625,0.26785714285714285,0.265625,0.33035714285714285,0.265625,0.265625,0.27455357142857145,0.265625,0.24107142857142858,0.24107142857142858,0.33482142857142855,0.9776785714285714,0.3392857142857143,0.0,0.0,0.0,0.0,0.25294237012987014
c3201,427,0.2459016393442623,0.2459016393442623,0.2459016393442623,0.2459016393442623,0.2857142857142857,0.2857142857142857,0.2857142857142857,0.2857142857142857,0.2857142857142857,0.2857142857142857,0.2857142857142857,0.2857142857142857,0.2857142857142857,0.2459016393442623,0.2459016393442623,0.32084309133489464,0.892271662763466,0.3114754098360656,0.0,0.0,0.0,0.0,0.2532467532467532
c5040,647,0.160741885625966,0.160741885625966,0.1731066460587326,0.1731066460587326,0.1947449768160742,0.19629057187017002,0.2117465224111283,0.19629057187017002,0.23647604327666152,0.1947449768160742,0.1947449768160742,0.23647604327666152,0.1947449768160742,0.1731066460587326,0.1731066460587326,0.8856259659969088,0.9860896445131375,0.8778979907264297,0.0,0.0,0.0,0.0,0.2554447098496557
c5286,6,0.16666666666666666,0.16666666666666666,0.16666666666666666,0.16666666666666666,0.3333333333333333,0.3333333333333333,0.5,0.3333333333333333,0.5,0.3333333333333333,0.3333333333333333,0.5,0.3333333333333333,0.16666666666666666,0.16666666666666666,0.16666666666666666,1.0,0.0,0.0,0.0,0.0,0.0,0.25757575757575757
c4180,3,0.0,0.0,0.0,0.0,0.3333333333333333,0.6666666666666666,0.6666666666666666,0.6666666666666666,0.6666666666666666,0.3333333333333333,0.3333333333333333,0.6666666666666666,0.3333333333333333,0.0,0.0,0.0,1.0,0.0,0.0,0.0,0.0,0.0,0.25757575757575757
c2230,16,0.1875,0.1875,0.1875,0.1875,0.1875,0.1875,0.1875,0.1875,0.3125,0.1875,0.1875,0.3125,0.1875,0.1875,0.1875,0.8125,1.0,0.8125,0.0,0.0,0.0,0.0,0.2585227272727273
c5448,2021,0.1979218208807521,0.1979218208807521,0.20089064819396338,0.20089064819396338,0.2978723404255319,0.2993567540821376,0.3033151904997526,0.2993567540821376,0.3542800593765463,0.29886194952993567,0.29886194952993567,0.3463631865413162,0.29886194952993567,0.20089064819396338,0.20089064819396338,0.4364176150420584,0.9005442850074221,0.35675408213755566,0.0,0.0,0.0,0.0,0.25864783410552833
c3199,439,0.255125284738041,0.255125284738041,0.255125284738041,0.255125284738041,0.2870159453302961,0.2870159453302961,0.2870159453302961,0.2870159453302961,0.28929384965831434,0.2870159453302961,0.2870159453302961,0.28929384965831434,0.2870159453302961,0.255125284738041,0.255125284738041,0.33712984054669703,0.929384965831435,0.3325740318906606,0.0,0.0,0.0,0.0,0.2598881756057155
c3424,459,0.23529411764705882,0.23529411764705882,0.23529411764705882,0.23529411764705882,0.29193899782135074,0.29193899782135074,0.29193899782135074,0.29193899782135074,0.29193899782135074,0.29193899782135074,0.29193899782135074,0.29193899782135074,0.29193899782135074,0.23529411764705882,0.23529411764705882,0.35947712418300654,0.9803921568627451,0.35947712418300654,0.0,0.0,0.0,0.0,0.2608437314319667
c9779,44,0.25,0.25,0.25,0.25,0.2727272727272727,0.2727272727272727,0.29545454545454547,0.2727272727272727,0.29545454545454547,0.2727272727272727,0.2727272727272727,0.29545454545454547,0.2727272727272727,0.25,0.25,0.36363636363636365,1.0,0.4090909090909091,0.0,0.0,0.0,0.0,0.2634297520661157
c0435,93,0.12903225806451613,0.12903225806451613,0.12903225806451613,0.12903225806451613,0.1935483870967742,0.23655913978494625,0.3225806451612903,0.21505376344086022,0.8172043010752689,0.1935483870967742,0.1935483870967742,0.7419354838709677,0.1935483870967742,0.12903225806451613,0.12903225806451613,0.5161290322580645,1.0,0.4946236559139785,0.0,0.0,0.0,0.0,0.2678396871945259
c1528,10,0.3,0.3,0.3,0.3,0.3,0.3,0.3,0.3,0.3,0.3,0.3,0.3,0.3,0.3,0.3,0.3,0.8,0.3,0.0,0.0,0.0,0.0,0.2681818181818182
c3758,651,0.10752688172043011,0.10752688172043011,0.1228878648233487,0.1228878648233487,0.19201228878648233,0.19201228878648233,0.30261136712749614,0.19201228878648233,0.4470046082949309,0.19201228878648233,0.19201228878648233,0.4116743471582181,0.19201228878648233,0.12442396313364056,0.12442396313364056,0.946236559139785,0.9861751152073732,0.9600614439324117,0.0,0.0,0.0,0.0,0.2688870269515431
c5790,41,0.14634146341463414,0.14634146341463414,0.1951219512195122,0.1951219512195122,0.24390243902439024,0.24390243902439024,0.24390243902439024,0.24390243902439024,0.24390243902439024,0.24390243902439024,0.24390243902439024,0.24390243902439024,0.24390243902439024,0.1951219512195122,0.1951219512195122,0.8780487804878049,0.926829268292683,0.8780487804878049,0.0,0.0,0.0,0.0,0.270509977827051
c3432,366,0.19398907103825136,0.19398907103825136,0.2103825136612022,0.2103825136612022,0.2677595628415301,0.2677595628415301,0.27049180327868855,0.2677595628415301,0.273224043715847,0.2677595628415301,0.2677595628415301,0.273224043715847,0.2677595628415301,0.2103825136612022,0.2103825136612022,0.6530054644808743,0.9398907103825137,0.726775956284153,0.0,0.0,0.0,0.0,0.27148534525583706
c4548,1,0.0,0.0,0.0,0.0,0.0,0.0,0.0,0.0,1.0,0.0,0.0,1.0,0.0,0.0,0.0,0.0,1.0,0.0,1.0,0.0,1.0,1.0,0.2727272727272727
c1084,1,0.0,0.0,0.0,0.0,0.0,0.0,0.0,0.0,1.0,0.0,0.0,1.0,0.0,0.0,0.0,0.0,1.0,0.0,0.0,1.0,1.0,1.0,0.2727272727272727
c5478,1,0.0,0.0,0.0,0.0,0.0,0.0,0.0,0.0,0.0,0.0,0.0,0.0,0.0,0.0,0.0,0.0,1.0,1.0,1.0,1.0,1.0,1.0,0.2727272727272727
c4062,2,0.0,0.0,0.0,0.0,0.0,0.0,0.0,0.0,0.0,0.0,0.0,0.0,0.0,0.0,0.0,0.5,1.0,0.5,1.0,1.0,1.0,1.0,0.2727272727272727
c1654,8,0.125,0.125,0.125,0.125,0.375,0.375,0.375,0.375,0.375,0.375,0.375,0.375,0.375,0.125,0.125,0.125,1.0,0.75,0.0,0.0,0.0,0.0,0.2727272727272727
c2822,1,0.0,0.0,0.0,0.0,0.0,0.0,1.0,0.0,1.0,0.0,0.0,1.0,0.0,0.0,0.0,0.0,1.0,0.0,0.0,1.0,0.0,1.0,0.2727272727272727
c4436,4,0.0,0.0,0.0,0.0,0.0,0.0,0.25,0.0,0.75,0.0,0.0,0.75,0.0,0.0,0.0,0.0,1.0,0.25,1.0,0.0,1.0,1.0,0.2727272727272727
c4430,2,0.0,0.0,0.0,0.0,0.0,0.0,0.0,0.0,0.0,0.0,0.0,0.0,0.0,0.0,0.0,0.5,1.0,0.5,1.0,1.0,1.0,1.0,0.2727272727272727
c4790,1,0.0,0.0,0.0,0.0,0.0,0.0,0.0,0.0,1.0,0.0,0.0,1.0,0.0,0.0,0.0,0.0,1.0,0.0,1.0,0.0,1.0,1.0,0.2727272727272727
c4052,2,0.0,0.0,0.0,0.0,0.0,0.0,0.0,0.0,0.0,0.0,0.0,0.0,0.0,0.0,0.0,0.5,1.0,0.5,1.0,1.0,1.0,1.0,0.2727272727272727
c4730,151,0.2582781456953642,0.2582781456953642,0.26490066225165565,0.26490066225165565,0.2847682119205298,0.2847682119205298,0.2847682119205298,0.2847682119205298,0.41721854304635764,0.2847682119205298,0.2847682119205298,0.41721854304635764,0.2847682119205298,0.26490066225165565,0.26490066225165565,0.304635761589404,1.0,0.304635761589404,0.0,0.0,0.0,0.0,0.2733293196869356
c9685,522,0.26436781609195403,0.26436781609195403,0.2662835249042146,0.2662835249042146,0.3045977011494253,0.3045977011494253,0.3045977011494253,0.3045977011494253,0.3160919540229885,0.3045977011494253,0.3045977011494253,0.31417624521072796,0.3045977011494253,0.2662835249042146,0.2662835249042146,0.41762452107279696,0.9540229885057471,0.4118773946360153,0.0,0.0,0.0,0.0,0.2790839428770463
c2016,7,0.2857142857142857,0.2857142857142857,0.2857142857142857,0.2857142857142857,0.2857142857142857,0.2857142857142857,0.2857142857142857,0.2857142857142857,0.42857142857142855,0.2857142857142857,0.2857142857142857,0.42857142857142855,0.2857142857142857,0.2857142857142857,0.2857142857142857,0.2857142857142857,1.0,0.2857142857142857,0.0,0.0,0.0,0.0,0.2792207792207792
c9657,61,0.13114754098360656,0.13114754098360656,0.13114754098360656,0.13114754098360656,0.19672131147540983,0.2459016393442623,0.2459016393442623,0.21311475409836064,0.5245901639344263,0.19672131147540983,0.19672131147540983,0.45901639344262296,0.19672131147540983,0.13114754098360656,0.13114754098360656,0.47540983606557374,1.0,0.47540983606557374,0.0,0.0,1.0,0.0,0.28241430700447095
c3672,494,0.2408906882591093,0.2408906882591093,0.2408906882591093,0.2408906882591093,0.2854251012145749,0.2894736842105263,0.29554655870445345,0.2894736842105263,0.32186234817813764,0.2854251012145749,0.2854251012145749,0.32186234817813764,0.2854251012145749,0.2408906882591093,0.2408906882591093,0.6720647773279352,0.7692307692307693,0.6781376518218624,0.0,0.0,0.0,0.0,0.2829407434670593
c5304,22,0.3181818181818182,0.3181818181818182,0.3181818181818182,0.3181818181818182,0.36363636363636365,0.36363636363636365,0.36363636363636365,0.36363636363636365,0.7272727272727273,0.36363636363636365,0.36363636363636365,0.36363636363636365,0.36363636363636365,0.3181818181818182,0.3181818181818182,0.045454545454545456,0.6363636363636364,0.0,0.0,0.0,0.0,0.0,0.2830578512396694
c4290,9,0.1111111111111111,0.1111111111111111,0.3333333333333333,0.3333333333333333,0.3333333333333333,0.3333333333333333,0.3333333333333333,0.3333333333333333,0.3333333333333333,0.3333333333333333,0.3333333333333333,0.3333333333333333,0.3333333333333333,0.3333333333333333,0.3333333333333333,0.4444444444444444,0.7777777777777778,0.5555555555555556,0.0,0.0,0.0,0.0,0.2878787878787879
c4424,8,0.125,0.125,0.125,0.125,0.25,0.25,0.25,0.25,0.25,0.25,0.25,0.25,0.25,0.125,0.125,0.25,0.75,0.375,0.0,0.0,1.0,1.0,0.2897727272727273
c0135,8,0.0,0.0,0.0,0.0,0.375,0.375,0.375,0.375,0.5,0.375,0.375,0.5,0.375,0.0,0.0,0.5,1.0,0.25,1.0,0.0,0.0,0.0,0.2897727272727273
c4610,113,0.24778761061946902,0.24778761061946902,0.24778761061946902,0.24778761061946902,0.2831858407079646,0.3185840707964602,0.3185840707964602,0.3185840707964602,0.3185840707964602,0.2831858407079646,0.2831858407079646,0.3185840707964602,0.2831858407079646,0.24778761061946902,0.24778761061946902,0.6283185840707964,0.9911504424778761,0.6283185840707964,0.0,0.0,0.0,0.0,0.2936444086886565
c5416,486,0.24691358024691357,0.24691358024691357,0.24691358024691357,0.24691358024691357,0.32098765432098764,0.32098765432098764,0.3374485596707819,0.32098765432098764,0.4547325102880658,0.32098765432098764,0.32098765432098764,0.448559670781893,0.32098765432098764,0.24691358024691357,0.24691358024691357,0.6090534979423868,0.8168724279835391,0.42386831275720166,0.0,0.0,0.0,0.0,0.2953610175832398
c4630,393,0.2366412213740458,0.2366412213740458,0.2366412213740458,0.2366412213740458,0.26717557251908397,0.26717557251908397,0.27735368956743,0.26717557251908397,0.3944020356234097,0.26717557251908397,0.26717557251908397,0.3893129770992366,0.26717557251908397,0.2366412213740458,0.2366412213740458,0.7404580152671756,0.9949109414758269,0.7404580152671756,0.0,0.0,0.0,0.0,0.29817256534813785
c4604,3,0.3333333333333333,0.3333333333333333,0.3333333333333333,0.3333333333333333,0.3333333333333333,0.3333333333333333,0.3333333333333333,0.3333333333333333,0.3333333333333333,0.3333333333333333,0.3333333333333333,0.3333333333333333,0.3333333333333333,0.3333333333333333,0.3333333333333333,0.3333333333333333,1.0,0.3333333333333333,0.0,0.0,0.0,0.0,0.30303030303030304
c3340,6,0.16666666666666666,0.16666666666666666,0.16666666666666666,0.16666666666666666,0.16666666666666666,0.16666666666666666,0.6666666666666666,0.16666666666666666,1.0,0.16666666666666666,0.16666666666666666,1.0,0.16666666666666666,0.16666666666666666,0.16666666666666666,0.0,1.0,0.0,1.0,0.0,0.0,0.0,0.30303030303030304
c3454,619,0.2827140549273021,0.2827140549273021,0.2827140549273021,0.2827140549273021,0.35379644588045234,0.35379644588045234,0.35379644588045234,0.35379644588045234,0.35864297253634897,0.35379644588045234,0.35379644588045234,0.35864297253634897,0.35379644588045234,0.2827140549273021,0.2827140549273021,0.4975767366720517,0.8788368336025848,0.4701130856219709,0.0,0.0,0.0,0.0,0.3062123659861947
c5582,261,0.29118773946360155,0.29118773946360155,0.29118773946360155,0.29118773946360155,0.3371647509578544,0.3371647509578544,0.3371647509578544,0.3371647509578544,0.3371647509578544,0.3371647509578544,0.3371647509578544,0.3371647509578544,0.3371647509578544,0.29118773946360155,0.29118773946360155,0.5823754789272031,0.9386973180076629,0.5363984674329502,0.0,0.0,0.0,0.0,0.3108672936259143
c2214,16,0.1875,0.1875,0.1875,0.1875,0.3125,0.3125,0.375,0.3125,0.375,0.3125,0.3125,0.375,0.3125,0.1875,0.1875,0.8125,1.0,0.9375,0.0,0.0,0.0,0.0,0.3125
c1820,95,0.18947368421052632,0.18947368421052632,0.2,0.2,0.2631578947368421,0.28421052631578947,0.35789473684210527,0.2631578947368421,0.6736842105263158,0.2631578947368421,0.2631578947368421,0.6736842105263158,0.2631578947368421,0.2,0.2,0.7052631578947368,0.9894736842105263,0.7052631578947368,0.0,0.0,0.0,0.0,0.3129186602870813
c4822,315,0.24761904761904763,0.24761904761904763,0.24761904761904763,0.24761904761904763,0.33015873015873015,0.33015873015873015,0.346031746031746,0.33015873015873015,0.4603174603174603,0.33015873015873015,0.33015873015873015,0.4603174603174603,0.33015873015873015,0.24761904761904763,0.24761904761904763,0.7238095238095238,0.9555555555555556,0.4984126984126984,0.0,0.0,0.0,0.0,0.31414141414141417
c5344,763,0.2529488859764089,0.2529488859764089,0.24115334207077327,0.24115334207077327,0.2699868938401048,0.2817824377457405,0.3394495412844037,0.2817824377457405,0.747051114023591,0.2817824377457405,0.2817824377457405,0.747051114023591,0.2817824377457405,0.24115334207077327,0.24115334207077327,0.4521625163826999,1.0,0.5019659239842726,0.0,0.0,0.0,0.0,0.31532229238651255
c3748,641,0.1544461778471139,0.1544461778471139,0.15600624024961,0.15600624024961,0.34321372854914195,0.35101404056162244,0.3541341653666147,0.35101404056162244,0.38065522620904835,0.34477379095163807,0.34477379095163807,0.38065522620904835,0.34477379095163807,0.15600624024961,0.15600624024961,0.9251170046801872,0.9719188767550702,0.9407176287051482,0.0,0.0,0.0,0.0,0.31662175577932206
c2030,1,0.0,0.0,0.0,0.0,0.0,0.0,0.0,0.0,0.0,0.0,0.0,0.0,0.0,0.0,0.0,1.0,1.0,1.0,1.0,1.0,1.0,1.0,0.3181818181818182
c3958,13,0.0,0.0,0.0,0.0,0.0,0.0,0.0,0.0,0.0,0.0,0.0,0.0,0.0,0.0,0.0,1.0,1.0,1.0,1.0,1.0,1.0,1.0,0.3181818181818182
c2262,1,0.0,0.0,0.0,0.0,0.0,0.0,0.0,0.0,0.0,0.0,0.0,0.0,0.0,0.0,0.0,1.0,1.0,1.0,1.0,1.0,1.0,1.0,0.3181818181818182
c0050,1,0.0,0.0,0.0,0.0,0.0,0.0,0.0,0.0,0.0,0.0,0.0,0.0,0.0,0.0,0.0,1.0,1.0,1.0,1.0,1.0,1.0,1.0,0.3181818181818182
c3292,13,0.0,0.0,0.0,0.0,0.0,0.0,0.0,0.0,0.0,0.0,0.0,0.0,0.0,0.0,0.0,1.0,1.0,1.0,1.0,1.0,1.0,1.0,0.3181818181818182
c5134,1,0.0,0.0,0.0,0.0,0.0,0.0,0.0,0.0,0.0,0.0,0.0,0.0,0.0,0.0,0.0,1.0,1.0,1.0,1.0,1.0,1.0,1.0,0.3181818181818182
c3648,2,0.0,0.0,0.0,0.0,0.0,0.0,0.0,0.0,0.5,0.0,0.0,0.5,0.0,0.0,0.0,1.0,1.0,0.0,1.0,1.0,1.0,1.0,0.3181818181818182
c5128,1,0.0,0.0,0.0,0.0,0.0,0.0,0.0,0.0,0.0,0.0,0.0,0.0,0.0,0.0,0.0,1.0,1.0,1.0,1.0,1.0,1.0,1.0,0.3181818181818182
c5122,1,0.0,0.0,0.0,0.0,0.0,0.0,0.0,0.0,0.0,0.0,0.0,0.0,0.0,0.0,0.0,1.0,1.0,1.0,1.0,1.0,1.0,1.0,0.3181818181818182
c5124,2,0.0,0.0,0.0,0.0,0.0,0.0,0.0,0.0,0.0,0.0,0.0,0.0,0.0,0.0,0.0,1.0,1.0,1.0,1.0,1.0,1.0,1.0,0.3181818181818182
c3610,1,0.0,0.0,0.0,0.0,0.0,0.0,0.0,0.0,0.0,0.0,0.0,0.0,0.0,0.0,0.0,1.0,1.0,1.0,1.0,1.0,1.0,1.0,0.3181818181818182
c3398,1,0.0,0.0,0.0,0.0,0.0,0.0,0.0,0.0,0.0,0.0,0.0,0.0,0.0,0.0,0.0,1.0,1.0,1.0,1.0,1.0,1.0,1.0,0.3181818181818182
c4088,1,0.0,0.0,0.0,0.0,0.0,0.0,0.0,0.0,1.0,0.0,0.0,1.0,0.0,0.0,0.0,1.0,1.0,1.0,0.0,1.0,0.0,1.0,0.3181818181818182
c2782,1,0.0,0.0,0.0,0.0,0.0,0.0,0.0,0.0,0.0,0.0,0.0,0.0,0.0,0.0,0.0,1.0,1.0,1.0,1.0,1.0,1.0,1.0,0.3181818181818182
c5110,1,0.0,0.0,0.0,0.0,0.0,0.0,0.0,0.0,0.0,0.0,0.0,0.0,0.0,0.0,0.0,1.0,1.0,1.0,1.0,1.0,1.0,1.0,0.3181818181818182
c0104,6,0.3333333333333333,0.3333333333333333,0.3333333333333333,0.3333333333333333,0.3333333333333333,0.3333333333333333,0.3333333333333333,0.3333333333333333,0.3333333333333333,0.3333333333333333,0.3333333333333333,0.3333333333333333,0.3333333333333333,0.3333333333333333,0.3333333333333333,0.5,1.0,0.5,0.0,0.0,0.0,0.0,0.3181818181818182
c1424,3,0.0,0.0,0.0,0.0,0.0,0.0,0.0,0.0,0.0,0.0,0.0,0.0,0.0,0.0,0.0,1.0,1.0,1.0,1.0,1.0,1.0,1.0,0.3181818181818182
c2158,1,0.0,0.0,0.0,0.0,0.0,0.0,1.0,0.0,1.0,0.0,0.0,1.0,0.0,0.0,0.0,0.0,1.0,1.0,0.0,1.0,0.0,1.0,0.3181818181818182
c3484,2,0.0,0.0,0.0,0.0,0.0,0.0,0.0,0.0,0.0,0.0,0.0,0.0,0.0,0.0,0.0,1.0,1.0,1.0,1.0,1.0,1.0,1.0,0.3181818181818182
c3482,2,0.0,0.0,0.0,0.0,0.0,0.0,0.0,0.0,0.0,0.0,0.0,0.0,0.0,0.0,0.0,1.0,1.0,1.0,1.0,1.0,1.0,1.0,0.3181818181818182
c3814,1109,0.2768259693417493,0.2768259693417493,0.27862939585211904,0.27862939585211904,0.3390441839495041,0.3606853020739405,0.39675383228133454,0.35617673579801623,0.6167718665464382,0.3390441839495041,0.3390441839495041,0.5365193868349865,0.3390441839495041,0.27862939585211904,0.27862939585211904,0.7033363390441839,0.5978358881875564,0.4220018034265104,0.0,0.0,0.0,0.0,0.3188376096401344
c3790,10,0.3,0.3,0.3,0.3,0.3,0.3,0.3,0.3,0.4,0.3,0.3,0.4,0.3,0.3,0.3,0.6,1.0,0.8,0.0,0.0,0.0,0.0,0.32272727272727275
c5222,209,0.2727272727272727,0.2727272727272727,0.2727272727272727,0.2727272727272727,0.32057416267942584,0.32057416267942584,0.33014354066985646,0.32057416267942584,0.3349282296650718,0.32057416267942584,0.32057416267942584,0.3349282296650718,0.32057416267942584,0.2727272727272727,0.2727272727272727,0.8564593301435407,0.8803827751196173,0.8038277511961722,0.0,0.0,0.0,0.0,0.3227490213136146
c3680,51,0.3333333333333333,0.3333333333333333,0.3333333333333333,0.3333333333333333,0.37254901960784315,0.37254901960784315,0.37254901960784315,0.37254901960784315,0.37254901960784315,0.37254901960784315,0.37254901960784315,0.37254901960784315,0.37254901960784315,0.3333333333333333,0.3333333333333333,0.43137254901960786,0.9019607843137255,0.43137254901960786,0.0,0.0,0.0,0.0,0.3235294117647059
c3536,202,0.26732673267326734,0.26732673267326734,0.26732673267326734,0.26732673267326734,0.29207920792079206,0.29207920792079206,0.37623762376237624,0.29207920792079206,0.7722772277227723,0.29207920792079206,0.29207920792079206,0.6831683168316832,0.29207920792079206,0.26732673267326734,0.26732673267326734,0.5198019801980198,0.9752475247524752,0.49504950495049505,0.0,0.0,0.0,0.0,0.3262826282628263
c4282,78,0.2692307692307692,0.2692307692307692,0.2692307692307692,0.2692307692307692,0.2692307692307692,0.2692307692307692,0.28205128205128205,0.2692307692307692,0.358974358974359,0.2692307692307692,0.2692307692307692,0.358974358974359,0.2692307692307692,0.2692307692307692,0.2692307692307692,0.9615384615384616,1.0,0.9871794871794872,0.0,0.0,0.0,0.0,0.32634032634032634
c3124,43,0.23255813953488372,0.23255813953488372,0.23255813953488372,0.23255813953488372,0.27906976744186046,0.27906976744186046,0.32558139534883723,0.27906976744186046,0.8604651162790697,0.27906976744186046,0.27906976744186046,0.8372093023255814,0.27906976744186046,0.23255813953488372,0.23255813953488372,0.5813953488372093,1.0,0.5348837209302325,0.0,0.0,0.0,0.0,0.3276955602536998
c4292,81,0.345679012345679,0.345679012345679,0.345679012345679,0.345679012345679,0.345679012345679,0.345679012345679,0.345679012345679,0.345679012345679,0.49382716049382713,0.345679012345679,0.345679012345679,0.49382716049382713,0.345679012345679,0.345679012345679,0.345679012345679,0.37037037037037035,1.0,0.3950617283950617,0.0,0.0,0.0,0.0,0.32940516273849607
c1508,4,0.0,0.0,0.0,0.0,0.0,0.0,0.25,0.0,1.0,0.0,0.0,1.0,0.0,0.0,0.0,0.5,1.0,0.5,0.0,1.0,1.0,1.0,0.32954545454545453
c3838,793,0.1828499369482976,0.1828499369482976,0.1828499369482976,0.1828499369482976,0.37831021437578816,0.39092055485498106,0.39092055485498106,0.39092055485498106,0.39092055485498106,0.37831021437578816,0.37831021437578816,0.39092055485498106,0.37831021437578816,0.1828499369482976,0.1828499369482976,0.8461538461538461,0.987389659520807,0.8675914249684742,0.0,0.0,0.0,0.0,0.33027628109595325
c3534,254,0.2677165354330709,0.2677165354330709,0.2677165354330709,0.2677165354330709,0.32677165354330706,0.35039370078740156,0.3779527559055118,0.35039370078740156,0.47244094488188976,0.32677165354330706,0.32677165354330706,0.468503937007874,0.32677165354330706,0.2677165354330709,0.2677165354330709,0.7244094488188977,0.9724409448818898,0.6535433070866141,0.0,0.0,0.0,0.0,0.33106657122405153
c3940,105,0.3333333333333333,0.3333333333333333,0.3333333333333333,0.3333333333333333,0.34285714285714286,0.34285714285714286,0.34285714285714286,0.34285714285714286,0.5333333333333333,0.34285714285714286,0.34285714285714286,0.5333333333333333,0.34285714285714286,0.3333333333333333,0.3333333333333333,0.4,1.0,0.45714285714285713,0.0,0.0,0.0,0.0,0.3329004329004329
c4608,434,0.2903225806451613,0.2903225806451613,0.2903225806451613,0.2903225806451613,0.35944700460829493,0.3686635944700461,0.3686635944700461,0.3686635944700461,0.3709677419354839,0.35944700460829493,0.35944700460829493,0.3709677419354839,0.35944700460829493,0.2903225806451613,0.2903225806451613,0.6474654377880185,1.0,0.6612903225806451,0.0,0.0,0.0,0.0,0.33347297863426895
c5250,227,0.29515418502202645,0.29515418502202645,0.29515418502202645,0.29515418502202645,0.31718061674008813,0.31718061674008813,0.31718061674008813,0.31718061674008813,0.42290748898678415,0.31718061674008813,0.31718061674008813,0.42290748898678415,0.31718061674008813,0.29515418502202645,0.29515418502202645,0.775330396475771,1.0,0.7797356828193832,0.0,0.0,0.0,0.0,0.3360032038446135
c5492,382,0.2591623036649215,0.2591623036649215,0.2591623036649215,0.2591623036649215,0.32460732984293195,0.32460732984293195,0.32460732984293195,0.32460732984293195,0.32460732984293195,0.32460732984293195,0.32460732984293195,0.32460732984293195,0.32460732984293195,0.2591623036649215,0.2591623036649215,0.9633507853403142,0.9921465968586387,0.9685863874345549,0.0,0.0,0.0,0.0,0.33638743455497383
c3504,430,0.2627906976744186,0.2627906976744186,0.2627906976744186,0.2627906976744186,0.313953488372093,0.3627906976744186,0.3627906976744186,0.35348837209302325,0.4511627906976744,0.313953488372093,0.313953488372093,0.4511627906976744,0.313953488372093,0.2627906976744186,0.2627906976744186,0.8255813953488372,0.9720930232558139,0.8302325581395349,0.0,0.0,0.0,0.0,0.3382663847780127
c1510,4,0.0,0.0,0.0,0.0,0.0,0.0,0.25,0.0,1.0,0.0,0.0,0.75,0.0,0.0,0.0,0.75,1.0,0.75,0.0,1.0,1.0,1.0,0.3409090909090909
c3836,821,0.28136419001218027,0.28136419001218027,0.2850182704019488,0.2850182704019488,0.37758830694275275,0.37758830694275275,0.38976857490864797,0.37758830694275275,0.4591961023142509,0.37758830694275275,0.37758830694275275,0.4543239951278928,0.37758830694275275,0.2850182704019488,0.2850182704019488,0.7125456760048721,0.7978075517661388,0.7624847746650426,0.0,0.0,0.0,0.0,0.3429299080943417
c3140,183,0.3551912568306011,0.3551912568306011,0.3551912568306011,0.3551912568306011,0.37158469945355194,0.37158469945355194,0.37158469945355194,0.37158469945355194,0.37158469945355194,0.37158469945355194,0.37158469945355194,0.37158469945355194,0.37158469945355194,0.3551912568306011,0.3551912568306011,0.5409836065573771,0.9781420765027322,0.5519125683060109,0.0,0.0,0.0,0.0,0.34302036761053156
c3396,600,0.3566666666666667,0.3566666666666667,0.3566666666666667,0.3566666666666667,0.39166666666666666,0.3933333333333333,0.3933333333333333,0.3933333333333333,0.3933333333333333,0.39166666666666666,0.39166666666666666,0.3933333333333333,0.39166666666666666,0.3566666666666667,0.3566666666666667,0.495,0.9383333333333334,0.4816666666666667,0.0,0.0,0.0,0.0,0.3449242424242424
c4452,381,0.26246719160104987,0.26246719160104987,0.26246719160104987,0.26246719160104987,0.3333333333333333,0.3333333333333333,0.36220472440944884,0.3333333333333333,0.6666666666666666,0.3333333333333333,0.3333333333333333,0.5590551181102362,0.3333333333333333,0.26246719160104987,0.26246719160104987,0.7427821522309711,0.9921259842519685,0.7454068241469817,0.0,0.0,0.0,0.0,0.3474111190646624
c3236,23,0.2608695652173913,0.2608695652173913,0.2608695652173913,0.2608695652173913,0.30434782608695654,0.30434782608695654,0.34782608695652173,0.30434782608695654,0.8695652173913043,0.30434782608695654,0.30434782608695654,0.8695652173913043,0.30434782608695654,0.2608695652173913,0.2608695652173913,0.7391304347826086,0.5217391304347826,0.9130434782608695,0.0,0.0,0.0,0.0,0.34782608695652173
c3374,578,0.3477508650519031,0.3477508650519031,0.3494809688581315,0.3494809688581315,0.40484429065743943,0.40484429065743943,0.40484429065743943,0.40484429065743943,0.40484429065743943,0.40484429065743943,0.40484429065743943,0.40484429065743943,0.40484429065743943,0.3494809688581315,0.3494809688581315,0.4740484429065744,0.9775086505190311,0.4740484429065744,0.0,0.0,0.0,0.0,0.34830135262661216
c5382,794,0.22795969773299748,0.22795969773299748,0.29093198992443325,0.29093198992443325,0.24433249370277077,0.2518891687657431,0.2972292191435768,0.24937027707808565,0.7443324937027708,0.24937027707808565,0.24937027707808565,0.3967254408060453,0.24937027707808565,0.4156171284634761,0.4156171284634761,0.8954659949622166,0.9949622166246851,0.9735516372795969,0.0,0.0,0.0,0.0,0.34840851843370735
c2494,3,0.3333333333333333,0.3333333333333333,0.3333333333333333,0.3333333333333333,0.3333333333333333,0.3333333333333333,0.3333333333333333,0.3333333333333333,0.3333333333333333,0.3333333333333333,0.3333333333333333,0.3333333333333333,0.3333333333333333,0.3333333333333333,0.3333333333333333,0.3333333333333333,1.0,0.3333333333333333,1.0,0.0,0.0,0.0,0.3484848484848485
c3872,3,0.3333333333333333,0.3333333333333333,0.3333333333333333,0.3333333333333333,0.3333333333333333,0.3333333333333333,0.3333333333333333,0.3333333333333333,0.3333333333333333,0.3333333333333333,0.3333333333333333,0.3333333333333333,0.3333333333333333,0.3333333333333333,0.3333333333333333,0.3333333333333333,1.0,0.3333333333333333,1.0,0.0,0.0,0.0,0.3484848484848485
c5780,1751,0.355225585379783,0.355225585379783,0.35750999428897773,0.35750999428897773,0.4054825813820674,0.4054825813820674,0.4054825813820674,0.4054825813820674,0.41005139920045686,0.4054825813820674,0.4054825813820674,0.41005139920045686,0.4054825813820674,0.35750999428897773,0.35750999428897773,0.45745288406624784,0.9737292975442604,0.45345516847515704,0.0,0.0,0.0,0.0,0.3492549711852967
c5400,1544,0.2772020725388601,0.2772020725388601,0.2772020725388601,0.2772020725388601,0.3743523316062176,0.37629533678756477,0.38082901554404147,0.37629533678756477,0.4889896373056995,0.3743523316062176,0.3743523316062176,0.3950777202072539,0.3743523316062176,0.2772020725388601,0.2772020725388601,0.814119170984456,0.9268134715025906,0.8102331606217616,0.0,0.0,0.0,0.0,0.3513306641544984
c4624,436,0.30275229357798167,0.30275229357798167,0.30275229357798167,0.30275229357798167,0.37155963302752293,0.3853211009174312,0.3853211009174312,0.3853211009174312,0.3967889908256881,0.37155963302752293,0.37155963302752293,0.3967889908256881,0.37155963302752293,0.30275229357798167,0.30275229357798167,0.7408256880733946,1.0,0.7431192660550459,0.0,0.0,0.0,0.0,0.35164720600500415
c2608,168,0.375,0.375,0.375,0.375,0.40476190476190477,0.40476190476190477,0.40476190476190477,0.40476190476190477,0.4107142857142857,0.40476190476190477,0.40476190476190477,0.4107142857142857,0.40476190476190477,0.375,0.375,0.40476190476190477,0.9285714285714286,0.5059523809523809,0.0,0.0,0.0,0.0,0.3520021645021645
c3130,531,0.3822975517890772,0.3822975517890772,0.3822975517890772,0.3822975517890772,0.4030131826741996,0.4030131826741996,0.4030131826741996,0.4030131826741996,0.4030131826741996,0.4030131826741996,0.4030131826741996,0.4030131826741996,0.4030131826741996,0.3822975517890772,0.3822975517890772,0.4519774011299435,0.9566854990583804,0.448210922787194,0.0,0.0,0.0,0.0,0.35353535353535354
c3500,352,0.26988636363636365,0.26988636363636365,0.2869318181818182,0.2869318181818182,0.29545454545454547,0.29829545454545453,0.40625,0.29545454545454547,0.7670454545454546,0.29545454545454547,0.29545454545454547,0.7613636363636364,0.29545454545454547,0.2869318181818182,0.2869318181818182,0.6903409090909091,0.9914772727272727,0.7784090909090909,0.0,0.0,0.0,0.0,0.3571797520661157
c4628,114,0.3333333333333333,0.3333333333333333,0.3333333333333333,0.3333333333333333,0.3684210526315789,0.3684210526315789,0.3684210526315789,0.3684210526315789,0.49122807017543857,0.3684210526315789,0.3684210526315789,0.49122807017543857,0.3684210526315789,0.3333333333333333,0.3333333333333333,0.6491228070175439,1.0,0.6578947368421053,0.0,0.0,0.0,0.0,0.3576555023923445
c3604,380,0.21052631578947367,0.21052631578947367,0.20789473684210527,0.20789473684210527,0.3763157894736842,0.4263157894736842,0.43157894736842106,0.4263157894736842,0.46578947368421053,0.37894736842105264,0.37894736842105264,0.4631578947368421,0.37894736842105264,0.21052631578947367,0.21052631578947367,0.9552631578947368,1.0,0.9394736842105263,0.0,0.0,0.0,0.0,0.358133971291866
c5024,685,0.2905109489051095,0.2905109489051095,0.30364963503649633,0.30364963503649633,0.3518248175182482,0.3708029197080292,0.3708029197080292,0.3708029197080292,0.3722627737226277,0.3518248175182482,0.3518248175182482,0.3722627737226277,0.3518248175182482,0.30364963503649633,0.30364963503649633,0.9708029197080292,0.9956204379562044,0.9708029197080292,0.0,0.0,0.0,0.0,0.3635036496350365
c5090,4,0.25,0.25,0.25,0.25,0.5,0.5,0.5,0.5,0.5,0.5,0.5,0.5,0.5,0.25,0.25,0.5,1.0,0.5,0.0,0.0,0.0,0.0,0.36363636363636365
c5648,4,0.25,0.25,0.25,0.25,0.25,0.25,0.25,0.25,1.0,0.25,0.25,0.5,0.25,0.25,0.25,0.75,0.75,0.75,0.0,0.0,1.0,0.0,0.36363636363636365
c4294,1188,0.2777777777777778,0.2777777777777778,0.2777777777777778,0.2777777777777778,0.37626262626262624,0.382996632996633,0.382996632996633,0.382996632996633,0.38552188552188554,0.37626262626262624,0.37626262626262624,0.38552188552188554,0.37626262626262624,0.2777777777777778,0.2777777777777778,0.9713804713804713,1.0,0.9562289562289562,0.0,0.0,0.0,0.0,0.36451637588001223
c0117,83,0.3132530120481928,0.3132530120481928,0.3373493975903614,0.3373493975903614,0.3855421686746988,0.3855421686746988,0.39759036144578314,0.3855421686746988,0.4578313253012048,0.3855421686746988,0.3855421686746988,0.4457831325301205,0.3855421686746988,0.3373493975903614,0.3373493975903614,0.7710843373493976,1.0,0.7951807228915663,0.0,0.0,0.0,0.0,0.37075575027382257
c0367,508,0.36023622047244097,0.36023622047244097,0.36811023622047245,0.36811023622047245,0.38779527559055116,0.38779527559055116,0.39173228346456695,0.38779527559055116,0.4153543307086614,0.38779527559055116,0.38779527559055116,0.4035433070866142,0.38779527559055116,0.3700787401574803,0.3700787401574803,0.7303149606299213,0.905511811023622,0.7874015748031497,0.0,0.0,0.0,0.0,0.3707945597709377
c0465,6,0.3333333333333333,0.3333333333333333,0.3333333333333333,0.3333333333333333,0.5,0.5,0.6666666666666666,0.5,0.6666666666666666,0.5,0.5,0.6666666666666666,0.5,0.3333333333333333,0.3333333333333333,0.0,1.0,0.16666666666666666,0.0,0.0,0.0,0.0,0.3712121212121212
c4224,5,0.4,0.4,0.4,0.4,0.4,0.4,0.4,0.4,0.4,0.4,0.4,0.4,0.4,0.4,0.4,0.6,1.0,0.6,0.0,0.0,0.0,0.0,0.37272727272727274
c1258,178,0.3258426966292135,0.3258426966292135,0.3258426966292135,0.3258426966292135,0.37640449438202245,0.37640449438202245,0.37640449438202245,0.37640449438202245,0.39325842696629215,0.37640449438202245,0.37640449438202245,0.37640449438202245,0.37640449438202245,0.3258426966292135,0.3258426966292135,0.9325842696629213,0.9719101123595506,0.9438202247191011,0.0,0.0,0.0,0.0,0.3730847803881512
c5424,188,0.39361702127659576,0.39361702127659576,0.39361702127659576,0.39361702127659576,0.42021276595744683,0.42021276595744683,0.42021276595744683,0.42021276595744683,0.4521276595744681,0.42021276595744683,0.42021276595744683,0.44680851063829785,0.42021276595744683,0.39361702127659576,0.39361702127659576,0.6436170212765957,0.9202127659574468,0.5106382978723404,0.0,0.0,0.0,0.0,0.37620889748549324
c5216,82,0.3170731707317073,0.3170731707317073,0.3170731707317073,0.3170731707317073,0.3902439024390244,0.3902439024390244,0.3902439024390244,0.3902439024390244,0.3902439024390244,0.3902439024390244,0.3902439024390244,0.3902439024390244,0.3902439024390244,0.3170731707317073,0.3170731707317073,0.9390243902439024,0.9878048780487805,0.9390243902439024,0.0,0.0,0.0,0.0,0.3763858093126386
c3452,652,0.40337423312883436,0.40337423312883436,0.40337423312883436,0.40337423312883436,0.4325153374233129,0.4325153374233129,0.4325153374233129,0.4325153374233129,0.4325153374233129,0.4325153374233129,0.4325153374233129,0.4325153374233129,0.4325153374233129,0.40337423312883436,0.40337423312883436,0.5184049079754601,0.9831288343558282,0.5184049079754601,0.0,0.0,0.0,0.0,0.37876464026770773
c1598,5,0.2,0.2,0.2,0.2,0.6,0.6,0.6,0.6,0.6,0.6,0.6,0.6,0.6,0.2,0.2,0.6,0.8,0.4,0.0,0.0,0.0,0.0,0.38181818181818183
c4606,392,0.32142857142857145,0.32142857142857145,0.32653061224489793,0.32142857142857145,0.40816326530612246,0.4387755102040816,0.4387755102040816,0.4336734693877551,0.4770408163265306,0.40816326530612246,0.40816326530612246,0.4770408163265306,0.40816326530612246,0.32142857142857145,0.32142857142857145,0.7831632653061225,1.0,0.7908163265306123,0.0,0.0,0.0,0.0,0.38207328385899814
c1802,1054,0.3425047438330171,0.3425047438330171,0.34724857685009486,0.34724857685009486,0.3766603415559772,0.3776091081593928,0.3984819734345351,0.3776091081593928,0.48007590132827327,0.3766603415559772,0.3766603415559772,0.4648956356736243,0.3766603415559772,0.34724857685009486,0.34724857685009486,0.9307400379506642,0.9629981024667932,0.8823529411764706,0.0,0.0,0.0,0.0,0.3843367258927031
c3714,1456,0.33104395604395603,0.33104395604395603,0.33104395604395603,0.33104395604395603,0.3866758241758242,0.3866758241758242,0.3866758241758242,0.3866758241758242,0.4416208791208791,0.3866758241758242,0.3866758241758242,0.39354395604395603,0.3866758241758242,0.33104395604395603,0.33104395604395603,0.9739010989010989,0.9972527472527473,0.9711538461538461,0.0,0.0,0.0,0.0,0.3850212287712288
c3734,1135,0.3251101321585903,0.3251101321585903,0.3251101321585903,0.3251101321585903,0.39823788546255506,0.4079295154185022,0.40969162995594716,0.40704845814977975,0.43083700440528633,0.39823788546255506,0.39823788546255506,0.43083700440528633,0.39823788546255506,0.3251101321585903,0.3251101321585903,0.93215859030837,0.9744493392070485,0.9400881057268723,0.0,0.0,0.0,0.0,0.3853023628354025
c4318,25,0.36,0.36,0.44,0.44,0.44,0.44,0.52,0.44,0.6,0.44,0.44,0.52,0.44,0.44,0.44,0.4,0.8,0.56,0.0,0.0,0.0,0.0,0.38727272727272727
c9961,1944,0.4079218106995885,0.4079218106995885,0.41100823045267487,0.41100823045267487,0.4531893004115226,0.4588477366255144,0.4624485596707819,0.4588477366255144,0.51440329218107,0.4531893004115226,0.4531893004115226,0.51440329218107,0.4531893004115226,0.41100823045267487,0.41100823045267487,0.7489711934156379,0.5745884773662552,0.5195473251028807,0.0,0.0,0.0,0.0,0.38748597081930414
c5176,289,0.4013840830449827,0.4013840830449827,0.4013840830449827,0.4013840830449827,0.4186851211072664,0.4186851211072664,0.42560553633217996,0.4186851211072664,0.5743944636678201,0.4186851211072664,0.4186851211072664,0.5640138408304498,0.4186851211072664,0.4013840830449827,0.4013840830449827,0.5605536332179931,0.9377162629757786,0.5605536332179931,0.0,0.0,0.0,0.0,0.3883296634161686
c0582,8,0.25,0.25,0.25,0.25,0.625,0.625,0.625,0.625,0.625,0.625,0.625,0.625,0.625,0.25,0.25,0.25,1.0,0.25,0.0,0.0,0.0,0.0,0.39204545454545453
c5242,479,0.3966597077244259,0.3966597077244259,0.40083507306889354,0.40083507306889354,0.407098121085595,0.407098121085595,0.4112734864300626,0.407098121085595,0.42588726513569936,0.407098121085595,0.407098121085595,0.42379958246346555,0.407098121085595,0.40083507306889354,0.40083507306889354,0.7891440501043842,0.9895615866388309,0.8037578288100209,0.0,0.0,0.0,0.0,0.3946669197191118
c4422,8,0.25,0.25,0.25,0.25,0.375,0.375,0.375,0.375,0.375,0.375,0.375,0.375,0.375,0.25,0.25,0.375,1.0,0.5,0.0,0.0,1.0,1.0,0.3977272727272727
c9971,368,0.35054347826086957,0.35054347826086957,0.358695652173913,0.358695652173913,0.38858695652173914,0.41304347826086957,0.4266304347826087,0.41304347826086957,0.42934782608695654,0.41304347826086957,0.41304347826086957,0.42934782608695654,0.41304347826086957,0.358695652173913,0.358695652173913,0.9646739130434783,0.9728260869565217,0.967391304347826,0.0,0.0,0.0,0.0,0.39908596837944665
c3712,597,0.3249581239530988,0.3249581239530988,0.34338358458961477,0.34338358458961477,0.440536013400335,0.440536013400335,0.4455611390284757,0.440536013400335,0.4623115577889447,0.440536013400335,0.440536013400335,0.4623115577889447,0.440536013400335,0.34338358458961477,0.34338358458961477,0.948073701842546,0.9949748743718593,0.9296482412060302,0.0,0.0,0.0,0.0,0.4049794426678849
c5244,415,0.41686746987951806,0.41686746987951806,0.42168674698795183,0.42168674698795183,0.42650602409638555,0.42650602409638555,0.42650602409638555,0.42650602409638555,0.4433734939759036,0.42650602409638555,0.42650602409638555,0.43855421686746987,0.42650602409638555,0.42168674698795183,0.42168674698795183,0.7710843373493976,0.9783132530120482,0.7831325301204819,0.0,0.0,0.0,0.0,0.4054764512595838
c5272,1180,0.34576271186440677,0.34576271186440677,0.3466101694915254,0.3466101694915254,0.4449152542372881,0.46271186440677964,0.4669491525423729,0.461864406779661,0.4822033898305085,0.4449152542372881,0.4449152542372881,0.4822033898305085,0.4449152542372881,0.3466101694915254,0.3466101694915254,0.8372881355932204,0.9728813559322034,0.9271186440677966,0.0,0.0,0.0,0.0,0.4068567026194145
c3414,278,0.4244604316546763,0.4244604316546763,0.4244604316546763,0.4244604316546763,0.44244604316546765,0.44244604316546765,0.4460431654676259,0.44244604316546765,0.5359712230215827,0.44244604316546765,0.44244604316546765,0.5071942446043165,0.44244604316546765,0.4244604316546763,0.4244604316546763,0.6438848920863309,0.9964028776978417,0.6438848920863309,0.0,0.0,0.0,0.0,0.407946370176586
c3174,332,0.286144578313253,0.286144578313253,0.286144578313253,0.286144578313253,0.47289156626506024,0.48493975903614456,0.48493975903614456,0.48493975903614456,0.48493975903614456,0.47289156626506024,0.47289156626506024,0.48493975903614456,0.47289156626506024,0.286144578313253,0.286144578313253,0.9728915662650602,1.0,0.9759036144578314,0.0,0.0,0.0,0.0,0.4082694414019715
c4336,483,0.3146997929606625,0.3146997929606625,0.3167701863354037,0.3167701863354037,0.4078674948240166,0.474120082815735,0.5113871635610766,0.4658385093167702,0.7101449275362319,0.4078674948240166,0.4078674948240166,0.7101449275362319,0.4078674948240166,0.3167701863354037,0.3167701863354037,0.7846790890269151,1.0,0.8136645962732919,0.0,0.0,0.0,0.0,0.4089968003011481
c0432,1,0.0,0.0,0.0,0.0,0.0,0.0,0.0,0.0,1.0,0.0,0.0,1.0,0.0,0.0,0.0,1.0,1.0,1.0,1.0,1.0,1.0,1.0,0.4090909090909091
c4370,12,0.4166666666666667,0.4166666666666667,0.4166666666666667,0.4166666666666667,0.5,0.5,0.5,0.5,0.5833333333333334,0.5,0.5,0.5833333333333334,0.5,0.4166666666666667,0.4166666666666667,0.5833333333333334,1.0,0.25,0.0,0.0,0.0,0.0,0.4090909090909091
c2724,1,0.0,0.0,0.0,0.0,0.0,0.0,0.0,0.0,1.0,0.0,0.0,1.0,0.0,0.0,0.0,1.0,1.0,1.0,1.0,1.0,1.0,1.0,0.4090909090909091
c2840,1,0.0,0.0,0.0,0.0,0.0,0.0,0.0,0.0,1.0,0.0,0.0,1.0,0.0,0.0,0.0,1.0,1.0,1.0,1.0,1.0,1.0,1.0,0.4090909090909091
c4396,1,0.0,0.0,0.0,0.0,0.0,0.0,0.0,0.0,1.0,0.0,0.0,1.0,0.0,0.0,0.0,1.0,1.0,1.0,1.0,1.0,1.0,1.0,0.4090909090909091
c2536,16,0.375,0.375,0.375,0.375,0.4375,0.4375,0.4375,0.4375,0.625,0.4375,0.4375,0.625,0.4375,0.375,0.375,0.3125,0.9375,0.3125,1.0,0.0,0.0,0.0,0.4147727272727273
c9687,117,0.452991452991453,0.452991452991453,0.452991452991453,0.452991452991453,0.452991452991453,0.452991452991453,0.452991452991453,0.452991452991453,0.5726495726495726,0.452991452991453,0.452991452991453,0.452991452991453,0.452991452991453,0.452991452991453,0.452991452991453,0.6153846153846154,0.9658119658119658,0.6324786324786325,0.0,0.0,0.0,0.0,0.4149184149184149
c3418,706,0.45892351274787535,0.45892351274787535,0.45892351274787535,0.45892351274787535,0.48441926345609065,0.48441926345609065,0.48583569405099153,0.48441926345609065,0.48583569405099153,0.48441926345609065,0.48441926345609065,0.48583569405099153,0.48441926345609065,0.45892351274787535,0.45892351274787535,0.5594900849858357,0.9603399433427762,0.5226628895184136,0.0,0.0,0.0,0.0,0.41636621169199073
c5368,272,0.4411764705882353,0.4411764705882353,0.4411764705882353,0.4411764705882353,0.5294117647058824,0.5477941176470589,0.5477941176470589,0.5441176470588235,0.5698529411764706,0.5294117647058824,0.5294117647058824,0.5661764705882353,0.5294117647058824,0.4411764705882353,0.4411764705882353,0.34191176470588236,0.9485294117647058,0.3897058823529412,0.0,0.0,0.0,0.0,0.41911764705882354
c4614,162,0.4074074074074074,0.4074074074074074,0.43209876543209874,0.43209876543209874,0.41358024691358025,0.41358024691358025,0.41975308641975306,0.41358024691358025,0.43209876543209874,0.41358024691358025,0.41358024691358025,0.42592592592592593,0.41358024691358025,0.43209876543209874,0.43209876543209874,0.9753086419753086,0.9876543209876543,0.9629629629629629,0.0,0.0,0.0,0.0,0.41947250280583614
c3232,674,0.46142433234421365,0.46142433234421365,0.46142433234421365,0.46142433234421365,0.4970326409495549,0.4970326409495549,0.4970326409495549,0.4970326409495549,0.4970326409495549,0.4970326409495549,0.4970326409495549,0.4970326409495549,0.4970326409495549,0.46142433234421365,0.46142433234421365,0.543026706231454,0.9080118694362018,0.5548961424332344,0.0,0.0,0.0,0.0,0.42035338548691664
c4622,439,0.42596810933940776,0.42596810933940776,0.42596810933940776,0.42596810933940776,0.45558086560364464,0.4646924829157175,0.4646924829157175,0.4646924829157175,0.46924829157175396,0.45558086560364464,0.45558086560364464,0.46924829157175396,0.45558086560364464,0.42596810933940776,0.42596810933940776,0.8109339407744874,0.9977220956719818,0.8041002277904328,0.0,0.0,0.0,0.0,0.42379374611720855
c0277,3,0.0,0.0,0.0,0.0,0.0,0.0,0.3333333333333333,0.0,1.0,0.0,0.0,1.0,0.0,0.0,0.0,1.0,1.0,1.0,1.0,1.0,1.0,1.0,0.42424242424242425
c2344,3,0.0,0.0,0.0,0.0,0.3333333333333333,0.3333333333333333,0.3333333333333333,0.3333333333333333,0.3333333333333333,0.3333333333333333,0.3333333333333333,0.3333333333333333,0.3333333333333333,0.0,0.0,0.6666666666666666,1.0,0.6666666666666666,1.0,1.0,1.0,1.0,0.42424242424242425
c5262,16,0.4375,0.4375,0.4375,0.4375,0.4375,0.4375,0.4375,0.4375,0.5,0.4375,0.4375,0.4375,0.4375,0.4375,0.4375,0.875,1.0,0.875,0.0,0.0,0.0,0.0,0.42613636363636365
c3992,400,0.4425,0.4425,0.4425,0.4425,0.475,0.475,0.475,0.475,0.485,0.475,0.475,0.485,0.475,0.4425,0.4425,0.76,0.95,0.7175,0.0,0.0,0.0,0.0,0.42625
c3456,718,0.47075208913649025,0.47075208913649025,0.46935933147632314,0.46935933147632314,0.49164345403899723,0.49303621169916434,0.49303621169916434,0.49303621169916434,0.5097493036211699,0.49303621169916434,0.49303621169916434,0.5097493036211699,0.49303621169916434,0.46935933147632314,0.46935933147632314,0.5654596100278552,0.9916434540389972,0.552924791086351,0.0,0.0,0.0,0.0,0.42719675867308177
c3434,584,0.4263698630136986,0.4263698630136986,0.4349315068493151,0.4349315068493151,0.476027397260274,0.476027397260274,0.4811643835616438,0.476027397260274,0.4948630136986301,0.476027397260274,0.476027397260274,0.4931506849315068,0.476027397260274,0.4349315068493151,0.4349315068493151,0.7414383561643836,0.9743150684931506,0.7842465753424658,0.0,0.0,0.0,0.0,0.4280821917808219
c0133,2,0.0,0.0,0.0,0.0,0.5,0.5,0.5,0.5,0.5,0.5,0.5,0.5,0.5,0.0,0.0,0.0,1.0,0.0,1.0,1.0,1.0,1.0,0.4318181818181818
c4494,2,0.0,0.0,0.0,0.0,0.0,0.0,0.5,0.0,1.0,0.0,0.0,1.0,0.0,0.0,0.0,1.0,1.0,1.0,1.0,1.0,1.0,1.0,0.4318181818181818
c3416,800,0.46,0.46,0.46,0.46,0.51875,0.52,0.52,0.52,0.52125,0.51875,0.51875,0.52125,0.51875,0.46,0.46,0.57375,0.9675,0.53875,0.0,0.0,0.0,0.0,0.43261363636363637
c3420,687,0.43522561863173215,0.43522561863173215,0.43522561863173215,0.43522561863173215,0.5429403202328966,0.5429403202328966,0.5429403202328966,0.5429403202328966,0.5429403202328966,0.5429403202328966,0.5429403202328966,0.5429403202328966,0.5429403202328966,0.43522561863173215,0.43522561863173215,0.5531295487627366,0.9461426491994177,0.5414847161572053,0.0,0.0,0.0,0.0,0.43357152309117375
c4322,33,0.48484848484848486,0.48484848484848486,0.48484848484848486,0.48484848484848486,0.48484848484848486,0.48484848484848486,0.48484848484848486,0.48484848484848486,0.48484848484848486,0.48484848484848486,0.48484848484848486,0.48484848484848486,0.48484848484848486,0.48484848484848486,0.48484848484848486,0.6363636363636364,1.0,0.6363636363636364,0.0,0.0,0.0,0.0,0.43388429752066116
c3132,680,0.47058823529411764,0.47058823529411764,0.4823529411764706,0.4823529411764706,0.5117647058823529,0.5117647058823529,0.5117647058823529,0.5117647058823529,0.513235294117647,0.5117647058823529,0.5117647058823529,0.513235294117647,0.5117647058823529,0.4823529411764706,0.4823529411764706,0.5485294117647059,0.9647058823529412,0.5529411764705883,0.0,0.0,0.0,0.0,0.4338903743315508
c3084,76,0.47368421052631576,0.47368421052631576,0.47368421052631576,0.47368421052631576,0.4868421052631579,0.4868421052631579,0.4868421052631579,0.4868421052631579,0.7894736842105263,0.4868421052631579,0.4868421052631579,0.631578947368421,0.4868421052631579,0.47368421052631576,0.47368421052631576,0.4605263157894737,0.9473684210526315,0.4868421052631579,0.0,0.0,0.0,0.0,0.43480861244019137
c0103,587,0.42759795570698467,0.42759795570698467,0.42759795570698467,0.42759795570698467,0.4957410562180579,0.4991482112436116,0.5008517887563884,0.4991482112436116,0.5059625212947189,0.4957410562180579,0.4957410562180579,0.5059625212947189,0.4957410562180579,0.4293015332197615,0.4293015332197615,0.7938671209540034,0.989778534923339,0.7529812606473595,0.0,0.0,0.0,0.0,0.4363481492953384
c9616,5,0.2,0.2,0.2,0.2,0.2,0.2,0.2,0.2,0.2,0.2,0.2,0.2,0.2,0.2,0.2,0.8,1.0,0.8,1.0,1.0,1.0,1.0,0.43636363636363634
c0698,8,0.375,0.375,0.375,0.375,0.625,0.625,0.625,0.625,0.625,0.625,0.625,0.625,0.625,0.375,0.375,0.375,1.0,0.375,0.0,0.0,0.0,0.0,0.4375
c3832,797,0.46675031367628605,0.46675031367628605,0.47051442910915936,0.47051442910915936,0.4918444165621079,0.4968632371392723,0.5018820577164367,0.4968632371392723,0.5269761606022585,0.4918444165621079,0.4918444165621079,0.5232120451693852,0.4918444165621079,0.47051442910915936,0.47051442910915936,0.8444165621079046,0.8682559598494354,0.588456712672522,0.0,0.0,0.0,0.0,0.4377209992015513
c5706,98,0.47959183673469385,0.47959183673469385,0.47959183673469385,0.47959183673469385,0.5,0.5,0.5,0.5,0.5306122448979592,0.5,0.5,0.5306122448979592,0.5,0.47959183673469385,0.47959183673469385,0.6836734693877551,0.9285714285714286,0.6224489795918368,0.0,0.0,0.0,0.0,0.4397031539888683
c5238,452,0.3805309734513274,0.3805309734513274,0.38495575221238937,0.38495575221238937,0.5420353982300885,0.5420353982300885,0.5420353982300885,0.5420353982300885,0.5420353982300885,0.5420353982300885,0.5420353982300885,0.5420353982300885,0.5420353982300885,0.38495575221238937,0.38495575221238937,0.7610619469026548,0.9712389380530974,0.7765486725663717,0.0,0.0,0.0,0.0,0.4403660498793242
c3382,793,0.44640605296343,0.44640605296343,0.5283732660781841,0.5283732660781841,0.5006305170239597,0.5006305170239597,0.5044136191677175,0.5006305170239597,0.5044136191677175,0.5006305170239597,0.5006305170239597,0.5044136191677175,0.5006305170239597,0.5283732660781841,0.5283732660781841,0.6065573770491803,0.978562421185372,0.5813366960907944,0.0,0.0,0.0,0.0,0.4404448011005388
c9931,504,0.4742063492063492,0.4742063492063492,0.4742063492063492,0.4742063492063492,0.5059523809523809,0.5059523809523809,0.5138888888888888,0.5059523809523809,0.5277777777777778,0.5059523809523809,0.5059523809523809,0.5238095238095238,0.5059523809523809,0.4742063492063492,0.4742063492063492,0.7281746031746031,0.878968253968254,0.6527777777777778,0.0,0.0,0.0,0.0,0.4411976911976912
c3526,300,0.35,0.35,0.35,0.35,0.4033333333333333,0.4033333333333333,0.5133333333333333,0.4033333333333333,0.9466666666666667,0.4033333333333333,0.4033333333333333,0.9466666666666667,0.4033333333333333,0.35,0.35,0.92,1.0,0.88,0.0,0.0,0.0,0.0,0.44212121212121214
c3332,4,0.5,0.5,0.5,0.5,0.5,0.5,0.5,0.5,0.5,0.5,0.5,0.5,0.5,0.5,0.5,0.5,1.0,0.75,0.0,0.0,0.0,0.0,0.4431818181818182
c2218,15,0.4,0.4,0.4,0.4,0.4,0.4,0.5333333333333333,0.4,0.8666666666666667,0.4,0.4,0.8666666666666667,0.4,0.4,0.4,0.8666666666666667,1.0,0.8666666666666667,0.0,0.0,0.0,0.0,0.44545454545454544
c5236,1712,0.4783878504672897,0.4783878504672897,0.4807242990654206,0.4807242990654206,0.5251168224299065,0.5292056074766355,0.530373831775701,0.5292056074766355,0.5449766355140186,0.5251168224299065,0.5251168224299065,0.5449766355140186,0.5251168224299065,0.48130841121495327,0.48130841121495327,0.8551401869158879,0.8160046728971962,0.5490654205607477,0.0,0.0,0.0,0.0,0.44910259133389974
c3134,1541,0.4918883841661259,0.4918883841661259,0.4918883841661259,0.4918883841661259,0.5288773523685918,0.5288773523685918,0.5288773523685918,0.5288773523685918,0.6307592472420506,0.5288773523685918,0.5288773523685918,0.536015574302401,0.5288773523685918,0.4918883841661259,0.4918883841661259,0.5665152498377677,0.9591174561972745,0.5632706035042181,0.0,0.0,0.0,0.0,0.45041590466639136
c5812,243,0.48148148148148145,0.48148148148148145,0.48148148148148145,0.48148148148148145,0.5349794238683128,0.5349794238683128,0.5349794238683128,0.5349794238683128,0.5349794238683128,0.5349794238683128,0.5349794238683128,0.5349794238683128,0.5349794238683128,0.48148148148148145,0.48148148148148145,0.7037037037037037,0.9053497942386831,0.6296296296296297,0.0,0.0,0.0,0.0,0.45192667414889637
c3524,178,0.4550561797752809,0.4550561797752809,0.4550561797752809,0.4550561797752809,0.5056179775280899,0.5056179775280899,0.5056179775280899,0.5056179775280899,0.5168539325842697,0.5056179775280899,0.5056179775280899,0.5168539325842697,0.5056179775280899,0.4550561797752809,0.4550561797752809,0.8033707865168539,1.0,0.8426966292134831,0.0,0.0,0.0,0.0,0.45224719101123595
c4662,13,0.46153846153846156,0.46153846153846156,0.46153846153846156,0.46153846153846156,0.5384615384615384,0.5384615384615384,0.5384615384615384,0.5384615384615384,0.5384615384615384,0.5384615384615384,0.5384615384615384,0.5384615384615384,0.5384615384615384,0.46153846153846156,0.46153846153846156,0.6923076923076923,1.0,0.6923076923076923,0.0,0.0,0.0,0.0,0.45454545454545453
c2438,4,0.5,0.5,0.5,0.5,0.5,0.5,0.5,0.5,1.0,0.5,0.5,1.0,0.5,0.5,0.5,0.0,1.0,0.5,0.0,0.0,0.0,0.0,0.45454545454545453
c2254,1,0.0,0.0,0.0,0.0,1.0,1.0,1.0,1.0,1.0,1.0,1.0,1.0,1.0,0.0,0.0,0.0,1.0,0.0,0.0,0.0,0.0,0.0,0.45454545454545453
c9767,102,0.5,0.5,0.5,0.5,0.5196078431372549,0.5196078431372549,0.5196078431372549,0.5196078431372549,0.5588235294117647,0.5196078431372549,0.5196078431372549,0.5588235294117647,0.5196078431372549,0.5,0.5,0.6764705882352942,0.9509803921568627,0.6862745098039216,0.0,0.0,0.0,0.0,0.45766488413547235
c5296,73,0.5068493150684932,0.5068493150684932,0.5068493150684932,0.5068493150684932,0.5753424657534246,0.5753424657534246,0.5753424657534246,0.5753424657534246,0.6027397260273972,0.5753424657534246,0.5753424657534246,0.6027397260273972,0.5753424657534246,0.5068493150684932,0.5068493150684932,0.7671232876712328,0.5616438356164384,0.5205479452054794,0.0,0.0,0.0,0.0,0.4601494396014944
c1672,117,0.46153846153846156,0.46153846153846156,0.46153846153846156,0.46153846153846156,0.5384615384615384,0.5384615384615384,0.5470085470085471,0.5384615384615384,0.5726495726495726,0.5384615384615384,0.5384615384615384,0.5726495726495726,0.5384615384615384,0.46153846153846156,0.46153846153846156,0.8888888888888888,0.9829059829059829,0.5641025641025641,0.0,0.0,0.0,0.0,0.4603729603729604
c4378,284,0.4507042253521127,0.4507042253521127,0.4507042253521127,0.4507042253521127,0.49295774647887325,0.4964788732394366,0.4964788732394366,0.4964788732394366,0.5387323943661971,0.49295774647887325,0.49295774647887325,0.5387323943661971,0.49295774647887325,0.4507042253521127,0.4507042253521127,0.9788732394366197,1.0,0.9753521126760564,0.0,0.0,0.0,0.0,0.46350832266325226
c2630,15,0.5333333333333333,0.5333333333333333,0.5333333333333333,0.5333333333333333,0.5333333333333333,0.5333333333333333,0.5333333333333333,0.5333333333333333,0.5333333333333333,0.5333333333333333,0.5333333333333333,0.5333333333333333,0.5333333333333333,0.5333333333333333,0.5333333333333333,0.6,1.0,0.6,0.0,0.0,0.0,0.0,0.4636363636363636
c3916,788,0.47588832487309646,0.47588832487309646,0.4784263959390863,0.4784263959390863,0.49111675126903553,0.49111675126903553,0.49111675126903553,0.49111675126903553,0.5050761421319797,0.49111675126903553,0.49111675126903553,0.5050761421319797,0.49111675126903553,0.4784263959390863,0.4784263959390863,0.9378172588832487,0.998730964467005,0.9708121827411168,0.0,0.0,0.0,0.0,0.464582371942778
c5274,678,0.4631268436578171,0.4631268436578171,0.47345132743362833,0.47345132743362833,0.5486725663716814,0.5486725663716814,0.5486725663716814,0.5486725663716814,0.5486725663716814,0.5486725663716814,0.5486725663716814,0.5486725663716814,0.5486725663716814,0.4749262536873156,0.4749262536873156,0.7212389380530974,0.9174041297935103,0.831858407079646,0.0,0.0,0.0,0.0,0.46507106462858677
c2814,3,0.3333333333333333,0.3333333333333333,0.3333333333333333,0.3333333333333333,0.6666666666666666,0.6666666666666666,0.6666666666666666,0.6666666666666666,0.6666666666666666,0.6666666666666666,0.6666666666666666,0.6666666666666666,0.6666666666666666,0.3333333333333333,0.3333333333333333,0.3333333333333333,1.0,0.0,1.0,0.0,0.0,0.0,0.4696969696969697
c2226,33,0.48484848484848486,0.48484848484848486,0.48484848484848486,0.48484848484848486,0.48484848484848486,0.48484848484848486,0.5757575757575758,0.48484848484848486,0.6060606060606061,0.48484848484848486,0.48484848484848486,0.6060606060606061,0.48484848484848486,0.48484848484848486,0.48484848484848486,0.8484848484848485,1.0,0.8787878787878788,0.0,0.0,0.0,0.0,0.4696969696969697
c4388,18,0.5555555555555556,0.5555555555555556,0.5555555555555556,0.5555555555555556,0.5555555555555556,0.5555555555555556,0.5555555555555556,0.5555555555555556,0.6111111111111112,0.5555555555555556,0.5555555555555556,0.6111111111111112,0.5555555555555556,0.5555555555555556,0.5555555555555556,0.5555555555555556,0.8333333333333334,0.5,0.0,0.0,0.0,0.0,0.4696969696969697
c0409,48,0.4791666666666667,0.4791666666666667,0.4791666666666667,0.4791666666666667,0.5208333333333334,0.5208333333333334,0.625,0.5208333333333334,0.8541666666666666,0.5208333333333334,0.5208333333333334,0.8541666666666666,0.5208333333333334,0.4791666666666667,0.4791666666666667,0.5416666666666666,1.0,0.5,0.0,0.0,0.0,0.0,0.4715909090909091
c3796,987,0.47821681864235055,0.47821681864235055,0.48226950354609927,0.48226950354609927,0.49240121580547114,0.49341438703140833,0.5238095238095238,0.49240121580547114,0.7852077001013171,0.49240121580547114,0.49240121580547114,0.7831813576494427,0.49240121580547114,0.48226950354609927,0.48226950354609927,0.7720364741641338,0.9989868287740629,0.6879432624113475,0.0,0.0,0.0,0.0,0.47236805747444044
c3444,624,0.5224358974358975,0.5224358974358975,0.5224358974358975,0.5224358974358975,0.5544871794871795,0.5560897435897436,0.5560897435897436,0.5560897435897436,0.5608974358974359,0.5544871794871795,0.5544871794871795,0.5608974358974359,0.5544871794871795,0.5224358974358975,0.5224358974358975,0.594551282051282,0.9983974358974359,0.657051282051282,0.0,0.0,0.0,0.0,0.47239219114219116
c5349,1403,0.4839629365645046,0.4839629365645046,0.4803991446899501,0.4803991446899501,0.5017818959372773,0.5124732715609408,0.5409836065573771,0.5124732715609408,0.7726300784034212,0.5110477548111191,0.5110477548111191,0.7726300784034212,0.5110477548111191,0.4803991446899501,0.4803991446899501,0.6756949394155382,0.9992872416250891,0.7013542409123307,0.0,0.0,0.0,0.0,0.47327156094084105
c3696,876,0.4851598173515982,0.4851598173515982,0.4851598173515982,0.4851598173515982,0.5136986301369864,0.5136986301369864,0.5136986301369864,0.5136986301369864,0.5171232876712328,0.5136986301369864,0.5136986301369864,0.5171232876712328,0.5136986301369864,0.4851598173515982,0.4851598173515982,0.954337899543379,0.9931506849315068,0.9337899543378996,0.0,0.0,0.0,0.0,0.4737442922374429
c3700,377,0.5384615384615384,0.5384615384615384,0.5384615384615384,0.5384615384615384,0.5570291777188329,0.5570291777188329,0.5570291777188329,0.5570291777188329,0.5570291777188329,0.5570291777188329,0.5570291777188329,0.5570291777188329,0.5570291777188329,0.5384615384615384,0.5384615384615384,0.5411140583554377,1.0,0.6445623342175066,0.0,0.0,0.0,0.0,0.4740776464914396
c3408,501,0.4171656686626746,0.4171656686626746,0.4171656686626746,0.4171656686626746,0.5528942115768463,0.5568862275449101,0.5608782435129741,0.5568862275449101,0.5608782435129741,0.5528942115768463,0.5528942115768463,0.5608782435129741,0.5528942115768463,0.4171656686626746,0.4171656686626746,0.9700598802395209,0.9900199600798403,0.9780439121756487,0.0,0.0,0.0,0.0,0.474959172563963
c4328,521,0.491362763915547,0.491362763915547,0.491362763915547,0.491362763915547,0.5220729366602687,0.5220729366602687,0.5220729366602687,0.5220729366602687,0.5220729366602687,0.5220729366602687,0.5220729366602687,0.5220729366602687,0.5220729366602687,0.491362763915547,0.491362763915547,0.9385796545105566,0.9980806142034548,0.8963531669865643,0.0,0.0,0.0,0.0,0.47635665677892164
c0269,33,0.5454545454545454,0.5454545454545454,0.5454545454545454,0.5454545454545454,0.5454545454545454,0.5454545454545454,0.6666666666666666,0.5454545454545454,0.8181818181818182,0.5454545454545454,0.5454545454545454,0.8181818181818182,0.5454545454545454,0.5454545454545454,0.5454545454545454,0.3939393939393939,0.8787878787878788,0.36363636363636365,0.0,0.0,0.0,0.0,0.4765840220385675
c1560,4,0.5,0.5,0.5,0.5,0.5,0.5,0.5,0.5,0.5,0.5,0.5,0.5,0.5,0.5,0.5,0.5,0.75,0.75,1.0,0.0,0.0,0.0,0.4772727272727273
c0572,6,0.3333333333333333,0.3333333333333333,0.3333333333333333,0.3333333333333333,0.6666666666666666,0.8333333333333334,0.8333333333333334,0.8333333333333334,0.8333333333333334,0.6666666666666666,0.6666666666666666,0.8333333333333334,0.6666666666666666,0.3333333333333333,0.3333333333333333,0.3333333333333333,1.0,0.3333333333333333,0.0,0.0,0.0,0.0,0.4772727272727273
c1742,2,0.5,0.5,0.5,0.5,0.5,0.5,0.5,0.5,1.0,0.5,0.5,1.0,0.5,0.5,0.5,0.5,1.0,0.5,0.0,0.0,0.0,0.0,0.4772727272727273
c5336,2,0.5,0.5,0.5,0.5,0.5,0.5,0.5,0.5,0.5,0.5,0.5,0.5,0.5,0.5,0.5,0.5,1.0,0.5,1.0,0.0,0.0,0.0,0.4772727272727273
c2652,2,0.5,0.5,0.5,0.5,0.5,0.5,0.5,0.5,0.5,0.5,0.5,0.5,0.5,0.5,0.5,0.5,1.0,0.5,1.0,0.0,0.0,0.0,0.4772727272727273
c5316,55,0.5454545454545454,0.5454545454545454,0.5454545454545454,0.5454545454545454,0.5454545454545454,0.6,0.6,0.6,0.6727272727272727,0.5454545454545454,0.5454545454545454,0.6,0.5454545454545454,0.5454545454545454,0.5454545454545454,0.5636363636363636,0.8727272727272727,0.5818181818181818,0.0,0.0,0.0,0.0,0.4793388429752066
c3422,322,0.4968944099378882,0.4968944099378882,0.4968944099378882,0.4968944099378882,0.5807453416149069,0.5807453416149069,0.5807453416149069,0.5807453416149069,0.5807453416149069,0.5807453416149069,0.5807453416149069,0.5807453416149069,0.5807453416149069,0.5559006211180124,0.5559006211180124,0.6149068322981367,1.0,0.639751552795031,0.0,0.0,0.0,0.0,0.48094297007340486
c4406,247,0.4939271255060729,0.4939271255060729,0.4939271255060729,0.4939271255060729,0.5546558704453441,0.5546558704453441,0.5546558704453441,0.5546558704453441,0.5870445344129555,0.5546558704453441,0.5546558704453441,0.5748987854251012,0.5546558704453441,0.4939271255060729,0.4939271255060729,0.8663967611336032,0.8825910931174089,0.8299595141700404,0.0,0.0,0.0,0.0,0.4812292970187707
c4746,5,0.4,0.4,0.4,0.4,0.6,0.6,0.6,0.6,0.6,0.6,0.6,0.6,0.6,0.4,0.4,0.4,1.0,0.4,1.0,0.0,0.0,0.0,0.4818181818181818
c4444,559,0.481216457960644,0.481216457960644,0.481216457960644,0.481216457960644,0.516994633273703,0.5241502683363148,0.5313059033989267,0.5223613595706619,0.6082289803220036,0.516994633273703,0.516994633273703,0.6064400715563506,0.516994633273703,0.481216457960644,0.481216457960644,0.9338103756708408,0.9910554561717353,0.9373881932021467,0.0,0.0,0.0,0.0,0.4822735404130753
c5307,738,0.5121951219512195,0.5121951219512195,0.513550135501355,0.513550135501355,0.5447154471544715,0.5447154471544715,0.551490514905149,0.5447154471544715,0.5691056910569106,0.5447154471544715,0.5447154471544715,0.5691056910569106,0.5447154471544715,0.513550135501355,0.513550135501355,0.8197831978319783,1.0,0.7872628726287263,0.0,0.0,0.0,0.0,0.48380142892338013
c5654,216,0.4074074074074074,0.4074074074074074,0.4074074074074074,0.4074074074074074,0.6574074074074074,0.6666666666666666,0.6666666666666666,0.6666666666666666,0.6712962962962963,0.6574074074074074,0.6574074074074074,0.6712962962962963,0.6574074074074074,0.4074074074074074,0.4074074074074074,0.6851851851851852,0.8518518518518519,0.7083333333333334,0.0,0.0,0.0,0.0,0.48463804713804715
c4120,3,0.3333333333333333,0.3333333333333333,0.3333333333333333,0.3333333333333333,0.6666666666666666,0.6666666666666666,0.6666666666666666,0.6666666666666666,0.6666666666666666,0.6666666666666666,0.6666666666666666,0.6666666666666666,0.6666666666666666,0.3333333333333333,0.3333333333333333,0.3333333333333333,1.0,0.3333333333333333,1.0,0.0,0.0,0.0,0.48484848484848486
c9943,629,0.4610492845786963,0.4610492845786963,0.4610492845786963,0.4610492845786963,0.505564387917329,0.5325914149443561,0.5739268680445151,0.519872813990461,0.7503974562798092,0.505564387917329,0.505564387917329,0.7503974562798092,0.505564387917329,0.4610492845786963,0.4610492845786963,0.9014308426073132,0.9984101748807631,0.8600953895071543,0.0,0.0,0.0,0.0,0.48525798525798525
c3458,185,0.5513513513513514,0.5513513513513514,0.5513513513513514,0.5513513513513514,0.5513513513513514,0.5513513513513514,0.5513513513513514,0.5513513513513514,0.5513513513513514,0.5513513513513514,0.5513513513513514,0.5513513513513514,0.5513513513513514,0.5513513513513514,0.5513513513513514,0.7567567567567568,0.972972972972973,0.745945945945946,0.0,0.0,0.0,0.0,0.48845208845208843
c1674,499,0.4529058116232465,0.4529058116232465,0.4529058116232465,0.4529058116232465,0.6032064128256514,0.627254509018036,0.6312625250501002,0.627254509018036,0.7414829659318637,0.6032064128256514,0.6032064128256514,0.7394789579158316,0.6032064128256514,0.4529058116232465,0.4529058116232465,0.8296593186372746,0.875751503006012,0.6292585170340681,0.0,0.0,0.0,0.0,0.4923483330296958
c2456,2,0.5,0.5,0.5,0.5,0.5,0.5,0.5,0.5,1.0,0.5,0.5,0.5,0.5,0.5,0.5,0.5,1.0,0.5,1.0,0.0,0.0,0.0,0.5
c0108,3,0.3333333333333333,0.3333333333333333,0.3333333333333333,0.3333333333333333,0.3333333333333333,0.3333333333333333,0.3333333333333333,0.3333333333333333,0.3333333333333333,0.3333333333333333,0.3333333333333333,0.3333333333333333,0.3333333333333333,0.3333333333333333,0.3333333333333333,0.6666666666666666,0.6666666666666666,0.6666666666666666,1.0,1.0,1.0,1.0,0.5
c5708,484,0.4896694214876033,0.4896694214876033,0.49173553719008267,0.49173553719008267,0.49793388429752067,0.5103305785123967,0.5206611570247934,0.5103305785123967,0.8347107438016529,0.49793388429752067,0.49793388429752067,0.7334710743801653,0.49793388429752067,0.49586776859504134,0.49586776859504134,0.9731404958677686,1.0,0.9731404958677686,0.0,0.0,0.0,0.0,0.5000939143501127
c5408,661,0.5476550680786687,0.5476550680786687,0.5491679273827534,0.5491679273827534,0.594553706505295,0.5960665658093798,0.6006051437216339,0.5960665658093798,0.632375189107413,0.594553706505295,0.594553706505295,0.6278366111951589,0.594553706505295,0.5491679273827534,0.5491679273827534,0.7791225416036308,0.8910741301059002,0.6414523449319214,0.0,0.0,0.0,0.0,0.5015816256360885
c3876,19,0.47368421052631576,0.47368421052631576,0.47368421052631576,0.47368421052631576,0.6842105263157895,0.6842105263157895,0.6842105263157895,0.6842105263157895,0.6842105263157895,0.6842105263157895,0.6842105263157895,0.6842105263157895,0.6842105263157895,0.47368421052631576,0.47368421052631576,0.5263157894736842,1.0,0.5263157894736842,0.0,0.0,0.0,0.0,0.5023923444976076
c1728,436,0.4701834862385321,0.4701834862385321,0.47706422018348627,0.47706422018348627,0.5802752293577982,0.6123853211009175,0.6192660550458715,0.6123853211009175,0.6215596330275229,0.5825688073394495,0.5825688073394495,0.6215596330275229,0.5825688073394495,0.47706422018348627,0.47706422018348627,0.9357798165137615,0.9977064220183486,0.8784403669724771,0.0,0.0,0.0,0.0,0.5034403669724771
c3234,899,0.575083426028921,0.575083426028921,0.5850945494994438,0.5850945494994438,0.6006674082313682,0.6006674082313682,0.6006674082313682,0.6006674082313682,0.6006674082313682,0.6006674082313682,0.6006674082313682,0.6006674082313682,0.6006674082313682,0.5850945494994438,0.5850945494994438,0.6418242491657397,0.9365962180200222,0.6496106785317018,0.0,0.0,0.0,0.0,0.5056628577206997
c4588,60,0.4,0.4,0.4,0.4,0.48333333333333334,0.55,0.55,0.5,0.75,0.48333333333333334,0.48333333333333334,0.7166666666666667,0.48333333333333334,0.5,0.5,0.7833333333333333,1.0,0.7666666666666667,0.0,0.0,1.0,0.0,0.5068181818181818
c2416,5,0.6,0.6,0.6,0.6,0.6,0.6,0.6,0.6,0.6,0.6,0.6,0.6,0.6,0.6,0.6,0.6,1.0,0.6,0.0,0.0,0.0,0.0,0.509090909090909
c4894,389,0.5475578406169666,0.5475578406169666,0.5475578406169666,0.5475578406169666,0.5578406169665809,0.5578406169665809,0.5604113110539846,0.5578406169665809,0.6940874035989717,0.5578406169665809,0.5578406169665809,0.5861182519280206,0.5578406169665809,0.5475578406169666,0.5475578406169666,0.9125964010282777,0.9460154241645244,0.9151670951156813,0.0,0.0,0.0,0.0,0.5112175741995794
c0388,4,0.5,0.5,0.5,0.5,0.5,0.5,0.5,0.5,0.5,0.5,0.5,0.5,0.5,0.5,0.5,0.5,1.0,0.25,0.0,1.0,0.0,1.0,0.5113636363636364
c1686,521,0.5028790786948176,0.5028790786948176,0.5028790786948176,0.5028790786948176,0.5758157389635317,0.5911708253358925,0.6026871401151631,0.5911708253358925,0.6391554702495201,0.5758157389635317,0.5758157389635317,0.6257197696737045,0.5758157389635317,0.5028790786948176,0.5028790786948176,0.9558541266794626,0.9846449136276392,0.9404990403071017,0.0,0.0,0.0,0.0,0.5114290699703368
c5682,26,0.6153846153846154,0.6153846153846154,0.6153846153846154,0.6153846153846154,0.6153846153846154,0.6153846153846154,0.6153846153846154,0.6153846153846154,0.6153846153846154,0.6153846153846154,0.6153846153846154,0.6153846153846154,0.6153846153846154,0.6153846153846154,0.6153846153846154,0.6153846153846154,0.8076923076923077,0.6153846153846154,0.0,0.0,0.0,0.0,0.5122377622377622
c3188,872,0.5837155963302753,0.5837155963302753,0.5837155963302753,0.5837155963302753,0.606651376146789,0.606651376146789,0.6112385321100917,0.606651376146789,0.6192660550458715,0.606651376146789,0.606651376146789,0.6181192660550459,0.606651376146789,0.5837155963302753,0.5837155963302753,0.6559633027522935,0.9896788990825688,0.6571100917431193,0.0,0.0,0.0,0.0,0.5133444537114262
c5550,86,0.5232558139534884,0.5232558139534884,0.5348837209302325,0.5348837209302325,0.5930232558139535,0.5930232558139535,0.6046511627906976,0.5930232558139535,0.6162790697674418,0.5930232558139535,0.5930232558139535,0.6162790697674418,0.5930232558139535,0.5348837209302325,0.5348837209302325,0.9069767441860465,0.9767441860465116,0.9069767441860465,0.0,0.0,0.0,0.0,0.5169133192389006
c5352,625,0.5216,0.5216,0.5216,0.5216,0.6224,0.6288,0.6288,0.6288,0.6368,0.6224,0.6224,0.6368,0.6224,0.5216,0.5216,0.7488,1.0,0.8592,0.0,0.0,0.0,0.0,0.5176
c0262,18,0.5555555555555556,0.5555555555555556,0.5555555555555556,0.5555555555555556,0.5555555555555556,0.5555555555555556,0.5555555555555556,0.5555555555555556,0.5555555555555556,0.5555555555555556,0.5555555555555556,0.5555555555555556,0.5555555555555556,0.5555555555555556,0.5555555555555556,0.5555555555555556,1.0,0.5555555555555556,1.0,0.0,0.0,0.0,0.5202020202020202
c5142,2,0.0,0.0,0.0,0.0,0.5,0.5,0.5,0.5,0.5,0.5,0.5,0.5,0.5,0.0,0.0,1.0,1.0,1.0,1.0,1.0,1.0,1.0,0.5227272727272727
c1348,2,0.5,0.5,0.5,0.5,0.5,0.5,0.5,0.5,1.0,0.5,0.5,1.0,0.5,0.5,0.5,0.5,1.0,0.5,1.0,0.0,0.0,0.0,0.5227272727272727
c3252,85,0.6,0.6,0.6,0.6,0.6235294117647059,0.6235294117647059,0.6235294117647059,0.6235294117647059,0.7529411764705882,0.6235294117647059,0.6235294117647059,0.7529411764705882,0.6235294117647059,0.6,0.6,0.5882352941176471,0.9411764705882353,0.5882352941176471,0.0,0.0,0.0,0.0,0.5267379679144385
c3920,486,0.5082304526748971,0.5082304526748971,0.5102880658436214,0.5102880658436214,0.6213991769547325,0.6213991769547325,0.6255144032921811,0.6213991769547325,0.6316872427983539,0.6213991769547325,0.6213991769547325,0.6275720164609053,0.6213991769547325,0.5102880658436214,0.5102880658436214,0.9670781893004116,0.9938271604938271,0.9711934156378601,0.0,0.0,0.0,0.0,0.5274036662925552
c4212,6,0.3333333333333333,0.3333333333333333,0.3333333333333333,0.3333333333333333,0.3333333333333333,0.3333333333333333,0.3333333333333333,0.3333333333333333,0.3333333333333333,0.3333333333333333,0.3333333333333333,0.3333333333333333,0.3333333333333333,0.3333333333333333,0.3333333333333333,0.8333333333333334,1.0,0.8333333333333334,1.0,1.0,1.0,1.0,0.5303030303030303
c2592,54,0.5740740740740741,0.5740740740740741,0.5740740740740741,0.5740740740740741,0.6296296296296297,0.6296296296296297,0.6296296296296297,0.6296296296296297,0.6296296296296297,0.6296296296296297,0.6296296296296297,0.6296296296296297,0.6296296296296297,0.5740740740740741,0.5740740740740741,0.8518518518518519,0.9814814814814815,0.8703703703703703,0.0,0.0,0.0,0.0,0.5370370370370371
c3980,157,0.5668789808917197,0.5668789808917197,0.5859872611464968,0.5859872611464968,0.6114649681528662,0.6178343949044586,0.6242038216560509,0.6178343949044586,0.6242038216560509,0.6178343949044586,0.6178343949044586,0.6242038216560509,0.6178343949044586,0.5987261146496815,0.5987261146496815,0.9171974522292994,0.9617834394904459,0.8980891719745223,0.0,0.0,0.0,0.0,0.5387955993051534
c5280,282,0.5815602836879432,0.5815602836879432,0.5815602836879432,0.5815602836879432,0.6524822695035462,0.6524822695035462,0.6524822695035462,0.6524822695035462,0.6524822695035462,0.6524822695035462,0.6524822695035462,0.6524822695035462,0.6524822695035462,0.5815602836879432,0.5815602836879432,0.6702127659574468,0.9574468085106383,0.875886524822695,0.0,0.0,0.0,0.0,0.5393294648613798
c5710,482,0.5871369294605809,0.5871369294605809,0.5892116182572614,0.5892116182572614,0.6099585062240664,0.6099585062240664,0.6099585062240664,0.6099585062240664,0.6099585062240664,0.6099585062240664,0.6099585062240664,0.6099585062240664,0.6099585062240664,0.5912863070539419,0.5912863070539419,0.9626556016597511,0.9854771784232366,0.966804979253112,0.0,0.0,0.0,0.0,0.5427197284043757
c0097,1076,0.5901486988847584,0.5901486988847584,0.6514869888475836,0.6514869888475836,0.6561338289962825,0.6561338289962825,0.6561338289962825,0.6561338289962825,0.6589219330855018,0.6561338289962825,0.6561338289962825,0.6589219330855018,0.6561338289962825,0.6514869888475836,0.6514869888475836,0.5864312267657993,0.9962825278810409,0.6644981412639405,0.0,0.0,0.0,0.0,0.5429199053734369
c3750,754,0.596816976127321,0.596816976127321,0.596816976127321,0.596816976127321,0.6405835543766578,0.6432360742705571,0.6445623342175066,0.6432360742705571,0.6472148541114059,0.6405835543766578,0.6405835543766578,0.6472148541114059,0.6405835543766578,0.596816976127321,0.596816976127321,0.7294429708222812,0.9496021220159151,0.896551724137931,0.0,0.0,0.0,0.0,0.5429225946467325
c3528,233,0.5708154506437768,0.5708154506437768,0.5708154506437768,0.5708154506437768,0.6351931330472103,0.6351931330472103,0.6351931330472103,0.6351931330472103,0.6351931330472103,0.6351931330472103,0.6351931330472103,0.6351931330472103,0.6351931330472103,0.5708154506437768,0.5708154506437768,0.9055793991416309,1.0,0.9141630901287554,0.0,0.0,0.0,0.0,0.5436987904799063
c5138,3,0.3333333333333333,0.3333333333333333,0.3333333333333333,0.3333333333333333,0.3333333333333333,0.3333333333333333,0.3333333333333333,0.3333333333333333,0.3333333333333333,0.3333333333333333,0.3333333333333333,0.3333333333333333,0.3333333333333333,0.3333333333333333,0.3333333333333333,1.0,1.0,1.0,1.0,1.0,1.0,1.0,0.5454545454545454
c5218,15,0.6,0.6,0.6,0.6,0.6,0.6,0.6,0.6,0.6,0.6,0.6,0.6,0.6,0.6,0.6,0.6,0.8,0.6,1.0,0.0,0.0,0.0,0.5454545454545454
c5702,422,0.6090047393364929,0.6090047393364929,0.6113744075829384,0.6113744075829384,0.6113744075829384,0.6184834123222749,0.6303317535545023,0.6184834123222749,0.7085308056872038,0.6113744075829384,0.6113744075829384,0.6635071090047393,0.6113744075829384,0.6113744075829384,0.6113744075829384,0.8744075829383886,0.9881516587677726,0.8767772511848341,0.0,0.0,0.0,0.0,0.5494398965962947
c5538,48,0.6041666666666666,0.6041666666666666,0.625,0.625,0.6666666666666666,0.6666666666666666,0.6666666666666666,0.6666666666666666,0.6666666666666666,0.6666666666666666,0.6666666666666666,0.6666666666666666,0.6666666666666666,0.625,0.625,0.7291666666666666,0.9375,0.8125,0.0,0.0,0.0,0.0,0.5539772727272727
c0098,865,0.6358381502890174,0.6358381502890174,0.6358381502890174,0.6358381502890174,0.6635838150289017,0.6658959537572254,0.6658959537572254,0.6658959537572254,0.6670520231213873,0.6635838150289017,0.6635838150289017,0.6670520231213873,0.6635838150289017,0.6358381502890174,0.6358381502890174,0.8173410404624277,0.8682080924855491,0.7468208092485549,0.0,0.0,0.0,0.0,0.5560693641618497
c1610,10,0.6,0.6,0.6,0.6,0.7,0.7,0.7,0.7,0.7,0.7,0.7,0.7,0.7,0.6,0.6,0.7,1.0,0.7,0.0,0.0,0.0,0.0,0.5590909090909091
c5182,380,0.6342105263157894,0.6342105263157894,0.6342105263157894,0.6342105263157894,0.6947368421052632,0.6947368421052632,0.6947368421052632,0.6947368421052632,0.6947368421052632,0.6947368421052632,0.6947368421052632,0.6947368421052632,0.6947368421052632,0.6342105263157894,0.6342105263157894,0.7157894736842105,0.9447368421052632,0.6894736842105263,0.0,0.0,0.0,0.0,0.5639952153110048
c5186,492,0.6300813008130082,0.6300813008130082,0.6300813008130082,0.6300813008130082,0.6666666666666666,0.6707317073170732,0.6707317073170732,0.6707317073170732,0.6727642276422764,0.6666666666666666,0.6666666666666666,0.6727642276422764,0.6666666666666666,0.6300813008130082,0.6300813008130082,0.7967479674796748,0.9979674796747967,0.8536585365853658,0.0,0.0,0.0,0.0,0.5660569105691057
c3470,24,0.6666666666666666,0.6666666666666666,0.6666666666666666,0.6666666666666666,0.6666666666666666,0.6666666666666666,0.6666666666666666,0.6666666666666666,0.6666666666666666,0.6666666666666666,0.6666666666666666,0.6666666666666666,0.6666666666666666,0.6666666666666666,0.6666666666666666,0.7083333333333334,1.0,0.75,0.0,0.0,0.0,0.0,0.5662878787878788
c5666,505,0.6376237623762376,0.6376237623762376,0.6376237623762376,0.6376237623762376,0.6732673267326733,0.6752475247524753,0.6831683168316832,0.6752475247524753,0.6831683168316832,0.6732673267326733,0.6732673267326733,0.6831683168316832,0.6732673267326733,0.6376237623762376,0.6376237623762376,0.8138613861386138,0.9386138613861386,0.8297029702970297,0.0,0.0,0.0,0.0,0.5682268226822682
c0386,39,0.6666666666666666,0.6666666666666666,0.7948717948717948,0.7948717948717948,0.6666666666666666,0.6666666666666666,0.6666666666666666,0.6666666666666666,0.8461538461538461,0.6666666666666666,0.6666666666666666,0.6666666666666666,0.6666666666666666,0.7948717948717948,0.7948717948717948,0.46153846153846156,0.9230769230769231,0.46153846153846156,0.0,0.0,0.0,0.0,0.5699300699300699
c4640,283,0.6784452296819788,0.6784452296819788,0.6784452296819788,0.6784452296819788,0.6819787985865724,0.6819787985865724,0.6855123674911661,0.6819787985865724,0.7279151943462897,0.6819787985865724,0.6819787985865724,0.6996466431095406,0.6819787985865724,0.6784452296819788,0.6784452296819788,0.6890459363957597,0.8586572438162544,0.7173144876325088,0.0,0.0,0.0,0.0,0.5700289110183103
c5200,31,0.6451612903225806,0.6451612903225806,0.6451612903225806,0.6451612903225806,0.6451612903225806,0.6451612903225806,0.7419354838709677,0.6451612903225806,0.8064516129032258,0.6451612903225806,0.6451612903225806,0.7741935483870968,0.6451612903225806,0.6451612903225806,0.6451612903225806,0.7741935483870968,1.0,0.7741935483870968,0.0,0.0,0.0,0.0,0.5733137829912024
c3688,212,0.6745283018867925,0.6745283018867925,0.6745283018867925,0.6745283018867925,0.6886792452830188,0.6933962264150944,0.6933962264150944,0.6933962264150944,0.6933962264150944,0.6886792452830188,0.6886792452830188,0.6933962264150944,0.6886792452830188,0.6745283018867925,0.6745283018867925,0.6886792452830188,0.910377358490566,0.75,0.0,0.0,0.0,0.0,0.5735420240137221
c5240,932,0.6523605150214592,0.6523605150214592,0.6545064377682404,0.6545064377682404,0.6641630901287554,0.6641630901287554,0.6641630901287554,0.6641630901287554,0.6663090128755365,0.6641630901287554,0.6641630901287554,0.6663090128755365,0.6641630901287554,0.6545064377682404,0.6545064377682404,0.8723175965665236,0.9978540772532188,0.8562231759656652,0.0,0.0,0.0,0.0,0.574131876706984
c2156,167,0.6347305389221557,0.6347305389221557,0.6347305389221557,0.6347305389221557,0.6347305389221557,0.6347305389221557,0.6347305389221557,0.6347305389221557,0.7425149700598802,0.6347305389221557,0.6347305389221557,0.7425149700598802,0.6347305389221557,0.6347305389221557,0.6347305389221557,0.9640718562874252,1.0,0.9640718562874252,0.0,0.0,0.0,0.0,0.5756668481219379
c2336,376,0.6303191489361702,0.6303191489361702,0.6303191489361702,0.6303191489361702,0.6595744680851063,0.6595744680851063,0.6702127659574468,0.6595744680851063,0.7819148936170213,0.6595744680851063,0.6595744680851063,0.7819148936170213,0.6595744680851063,0.6303191489361702,0.6303191489361702,0.8936170212765957,1.0,0.8590425531914894,0.0,0.0,0.0,0.0,0.5784574468085106
c0083,81,0.691358024691358,0.691358024691358,0.691358024691358,0.691358024691358,0.691358024691358,0.691358024691358,0.7037037037037037,0.691358024691358,0.7037037037037037,0.691358024691358,0.691358024691358,0.7037037037037037,0.691358024691358,0.691358024691358,0.691358024691358,0.691358024691358,1.0,0.7160493827160493,0.0,0.0,0.0,0.0,0.5824915824915825
c4192,7,0.42857142857142855,0.42857142857142855,0.42857142857142855,0.42857142857142855,0.42857142857142855,0.42857142857142855,0.42857142857142855,0.42857142857142855,0.42857142857142855,0.42857142857142855,0.42857142857142855,0.42857142857142855,0.42857142857142855,0.42857142857142855,0.42857142857142855,0.7142857142857143,1.0,0.7142857142857143,1.0,1.0,1.0,1.0,0.5844155844155844
c3224,193,0.6735751295336787,0.6735751295336787,0.6735751295336787,0.6735751295336787,0.694300518134715,0.7253886010362695,0.7253886010362695,0.7253886010362695,0.8082901554404145,0.694300518134715,0.694300518134715,0.7253886010362695,0.694300518134715,0.6735751295336787,0.6735751295336787,0.694300518134715,0.9844559585492227,0.6839378238341969,0.0,0.0,0.0,0.0,0.5859632595383891
c3376,504,0.6825396825396826,0.6825396825396826,0.6825396825396826,0.6825396825396826,0.6865079365079365,0.6865079365079365,0.6865079365079365,0.6865079365079365,0.6865079365079365,0.6865079365079365,0.6865079365079365,0.6865079365079365,0.6865079365079365,0.6825396825396826,0.6825396825396826,0.8313492063492064,0.9662698412698413,0.8293650793650794,0.0,0.0,0.0,0.0,0.5863997113997114
c1665,40,0.625,0.625,0.675,0.675,0.7,0.7,0.725,0.7,0.775,0.7,0.7,0.775,0.7,0.675,0.675,0.725,1.0,0.775,0.0,0.0,0.0,0.0,0.5875
c0662,29,0.6551724137931034,0.6551724137931034,0.6551724137931034,0.6551724137931034,0.6896551724137931,0.6896551724137931,0.6896551724137931,0.6896551724137931,0.6896551724137931,0.6896551724137931,0.6896551724137931,0.6896551724137931,0.6896551724137931,0.6551724137931034,0.6551724137931034,0.896551724137931,1.0,0.896551724137931,0.0,0.0,0.0,0.0,0.5877742946708464
c5814,413,0.6319612590799032,0.6319612590799032,0.6416464891041163,0.6416464891041163,0.7070217917675545,0.7070217917675545,0.7070217917675545,0.7070217917675545,0.7070217917675545,0.7070217917675545,0.7070217917675545,0.7070217917675545,0.7070217917675545,0.6416464891041163,0.6416464891041163,0.8813559322033898,0.9733656174334141,0.8886198547215496,0.0,0.0,0.0,0.0,0.5880475456746643
c3392,708,0.6596045197740112,0.6596045197740112,0.6596045197740112,0.6596045197740112,0.672316384180791,0.672316384180791,0.672316384180791,0.672316384180791,0.672316384180791,0.672316384180791,0.672316384180791,0.672316384180791,0.672316384180791,0.6596045197740112,0.6596045197740112,0.9675141242937854,0.9971751412429378,0.9661016949152542,0.0,0.0,0.0,0.0,0.5881484334874165
c5172,582,0.6649484536082474,0.6649484536082474,0.6718213058419243,0.6718213058419243,0.7044673539518901,0.7079037800687286,0.7147766323024055,0.7079037800687286,0.7680412371134021,0.7044673539518901,0.7044673539518901,0.7680412371134021,0.7044673539518901,0.6718213058419243,0.6718213058419243,0.7079037800687286,0.9879725085910653,0.7749140893470791,0.0,0.0,0.0,0.0,0.5896594814120587
c2626,3,0.6666666666666666,0.6666666666666666,0.6666666666666666,0.6666666666666666,0.6666666666666666,0.6666666666666666,0.6666666666666666,0.6666666666666666,1.0,0.6666666666666666,0.6666666666666666,1.0,0.6666666666666666,0.6666666666666666,0.6666666666666666,0.6666666666666666,1.0,0.6666666666666666,0.0,0.0,0.0,0.0,0.5909090909090909
c5676,2,0.0,0.0,0.0,0.0,1.0,1.0,1.0,1.0,1.0,1.0,1.0,1.0,1.0,0.0,0.0,0.0,1.0,1.0,1.0,0.0,0.0,1.0,0.5909090909090909
c0294,2,0.5,0.5,0.5,0.5,0.5,0.5,1.0,0.5,1.0,0.5,0.5,1.0,0.5,0.5,0.5,0.5,1.0,0.5,0.0,1.0,0.0,1.0,0.5909090909090909
c0282,2,0.5,0.5,0.5,0.5,0.5,0.5,1.0,0.5,1.0,0.5,0.5,1.0,0.5,0.5,0.5,0.5,1.0,0.5,0.0,1.0,0.0,1.0,0.5909090909090909
c0078,565,0.647787610619469,0.647787610619469,0.647787610619469,0.647787610619469,0.6920353982300885,0.695575221238938,0.695575221238938,0.695575221238938,0.6973451327433628,0.6920353982300885,0.6920353982300885,0.6973451327433628,0.6920353982300885,0.647787610619469,0.647787610619469,0.9433628318584071,0.9858407079646018,0.95929203539823,0.0,0.0,0.0,0.0,0.5920353982300885
c3446,610,0.6491803278688525,0.6491803278688525,0.6508196721311476,0.6508196721311476,0.6885245901639344,0.6901639344262295,0.6901639344262295,0.6901639344262295,0.6934426229508197,0.6885245901639344,0.6885245901639344,0.6934426229508197,0.6885245901639344,0.6508196721311476,0.6508196721311476,0.9606557377049181,0.9967213114754099,0.9672131147540983,0.0,0.0,0.0,0.0,0.5926229508196721
c1808,12,0.6666666666666666,0.6666666666666666,0.6666666666666666,0.6666666666666666,0.6666666666666666,0.6666666666666666,0.75,0.6666666666666666,1.0,0.6666666666666666,0.6666666666666666,0.9166666666666666,0.6666666666666666,0.6666666666666666,0.6666666666666666,0.8333333333333334,1.0,0.5833333333333334,0.0,0.0,0.0,0.0,0.5946969696969697
c3624,600,0.7033333333333334,0.7033333333333334,0.7033333333333334,0.7033333333333334,0.7066666666666667,0.7066666666666667,0.71,0.7066666666666667,0.9666666666666667,0.7066666666666667,0.7066666666666667,0.715,0.7066666666666667,0.7033333333333334,0.7033333333333334,0.7233333333333334,0.83,0.715,0.0,0.0,0.0,0.0,0.5963636363636363
c9715,302,0.6688741721854304,0.6688741721854304,0.6688741721854304,0.6688741721854304,0.6887417218543046,0.6887417218543046,0.6887417218543046,0.6887417218543046,0.6986754966887417,0.6887417218543046,0.6887417218543046,0.6986754966887417,0.6887417218543046,0.6688741721854304,0.6688741721854304,0.9735099337748344,1.0,0.9735099337748344,0.0,0.0,0.0,0.0,0.5990367248645394
c5724,5,0.6,0.6,0.6,0.6,0.8,0.8,0.8,0.8,0.8,0.8,0.8,0.8,0.8,0.6,0.6,0.8,1.0,0.6,0.0,0.0,0.0,0.0,0.6
c3802,363,0.71900826446281,0.71900826446281,0.71900826446281,0.71900826446281,0.7272727272727273,0.7272727272727273,0.7272727272727273,0.7272727272727273,0.7272727272727273,0.7272727272727273,0.7272727272727273,0.7272727272727273,0.7272727272727273,0.71900826446281,0.71900826446281,0.7272727272727273,0.9944903581267218,0.7410468319559229,0.0,0.0,0.0,0.0,0.6055597295266717
c5480,37,0.7297297297297297,0.7297297297297297,0.7297297297297297,0.7297297297297297,0.7567567567567568,0.7567567567567568,0.7837837837837838,0.7567567567567568,0.7837837837837838,0.7567567567567568,0.7567567567567568,0.7837837837837838,0.7567567567567568,0.7297297297297297,0.7297297297297297,0.3783783783783784,1.0,0.6756756756756757,0.0,0.0,0.0,0.0,0.6056511056511057
c4492,21,0.7142857142857143,0.7142857142857143,0.7142857142857143,0.7142857142857143,0.7142857142857143,0.7142857142857143,0.7142857142857143,0.7142857142857143,0.7142857142857143,0.7142857142857143,0.7142857142857143,0.7142857142857143,0.7142857142857143,0.7142857142857143,0.7142857142857143,0.8095238095238095,1.0,0.8095238095238095,0.0,0.0,0.0,0.0,0.6060606060606061
c1364,3,0.6666666666666666,0.6666666666666666,0.6666666666666666,0.6666666666666666,0.6666666666666666,0.6666666666666666,0.6666666666666666,0.6666666666666666,0.6666666666666666,0.6666666666666666,0.6666666666666666,0.6666666666666666,0.6666666666666666,0.6666666666666666,0.6666666666666666,0.6666666666666666,1.0,0.6666666666666666,0.0,0.0,1.0,0.0,0.6060606060606061
c4702,93,0.6774193548387096,0.6774193548387096,0.6774193548387096,0.6774193548387096,0.7096774193548387,0.7204301075268817,0.7204301075268817,0.7204301075268817,0.7311827956989247,0.7096774193548387,0.7096774193548387,0.7204301075268817,0.7096774193548387,0.6774193548387096,0.6774193548387096,0.9247311827956989,1.0,0.9139784946236559,0.0,0.0,0.0,0.0,0.6070381231671554
c3770,119,0.7226890756302521,0.7226890756302521,0.7226890756302521,0.7226890756302521,0.7310924369747899,0.7310924369747899,0.7310924369747899,0.7310924369747899,0.7394957983193278,0.7310924369747899,0.7310924369747899,0.7310924369747899,0.7310924369747899,0.7226890756302521,0.7226890756302521,0.7563025210084033,0.8571428571428571,0.8571428571428571,0.0,0.0,0.0,0.0,0.6088617265087853
c5664,386,0.6968911917098446,0.6968911917098446,0.6968911917098446,0.6968911917098446,0.7150259067357513,0.7150259067357513,0.7253886010362695,0.7150259067357513,0.7772020725388601,0.7150259067357513,0.7150259067357513,0.7772020725388601,0.7150259067357513,0.6968911917098446,0.6968911917098446,0.8290155440414507,0.9922279792746114,0.8419689119170984,0.0,0.0,0.0,0.0,0.6097503532736693
c3438,14,0.7142857142857143,0.7142857142857143,0.7142857142857143,0.7142857142857143,0.7142857142857143,0.7142857142857143,0.7142857142857143,0.7142857142857143,0.8571428571428571,0.7142857142857143,0.7142857142857143,0.8571428571428571,0.7142857142857143,0.7142857142857143,0.7142857142857143,0.7142857142857143,1.0,0.7142857142857143,0.0,0.0,0.0,0.0,0.6103896103896104
c5458,313,0.7220447284345048,0.7220447284345048,0.7188498402555911,0.7188498402555911,0.7220447284345048,0.7284345047923323,0.7412140575079872,0.7220447284345048,0.7827476038338658,0.7220447284345048,0.7220447284345048,0.7827476038338658,0.7220447284345048,0.7188498402555911,0.7188498402555911,0.8083067092651757,0.9584664536741214,0.7284345047923323,0.0,0.0,0.0,0.0,0.6118210862619808
c3798,58,0.7241379310344828,0.7241379310344828,0.7241379310344828,0.7241379310344828,0.7241379310344828,0.7241379310344828,0.7241379310344828,0.7241379310344828,0.8620689655172413,0.7241379310344828,0.7241379310344828,0.7931034482758621,0.7241379310344828,0.7241379310344828,0.7241379310344828,0.7068965517241379,1.0,0.7068965517241379,0.0,0.0,0.0,0.0,0.6128526645768025
c5312,1198,0.7136894824707847,0.7136894824707847,0.7186978297161937,0.7186978297161937,0.7437395659432388,0.7437395659432388,0.7437395659432388,0.7437395659432388,0.7437395659432388,0.7437395659432388,0.7437395659432388,0.7437395659432388,0.7437395659432388,0.7186978297161937,0.7186978297161937,0.7979966611018364,0.9741235392320534,0.7771285475792988,0.0,0.0,0.0,0.0,0.615685232964031
c3824,573,0.699825479930192,0.699825479930192,0.699825479930192,0.699825479930192,0.7294938917975567,0.7294938917975567,0.7486910994764397,0.7294938917975567,0.8097731239092496,0.7294938917975567,0.7294938917975567,0.8097731239092496,0.7294938917975567,0.699825479930192,0.699825479930192,0.837696335078534,0.9616055846422339,0.849912739965096,0.0,0.0,0.0,0.0,0.6178803744248771
c4820,57,0.47368421052631576,0.47368421052631576,0.47368421052631576,0.47368421052631576,0.47368421052631576,0.5087719298245614,0.5087719298245614,0.47368421052631576,0.7192982456140351,0.47368421052631576,0.47368421052631576,0.7192982456140351,0.47368421052631576,0.47368421052631576,0.47368421052631576,0.9649122807017544,1.0,0.9649122807017544,1.0,0.0,1.0,1.0,0.6180223285486444
c1260,20,0.7,0.7,0.7,0.7,0.7,0.7,0.75,0.7,1.0,0.7,0.7,1.0,0.7,0.7,0.7,0.7,1.0,0.75,0.0,0.0,0.0,0.0,0.6181818181818182
c5434,5,0.8,0.8,0.8,0.8,0.8,0.8,0.8,0.8,0.8,0.8,0.8,0.8,0.8,0.8,0.8,0.6,0.6,0.4,0.0,0.0,0.0,0.0,0.6181818181818182
c5402,7,0.7142857142857143,0.7142857142857143,0.7142857142857143,0.7142857142857143,0.7142857142857143,0.7142857142857143,0.7142857142857143,0.7142857142857143,1.0,0.7142857142857143,0.7142857142857143,1.0,0.7142857142857143,0.7142857142857143,0.7142857142857143,0.7142857142857143,1.0,0.7142857142857143,0.0,0.0,0.0,0.0,0.6233766233766234
c4086,98,0.7346938775510204,0.7346938775510204,0.7346938775510204,0.7346938775510204,0.7448979591836735,0.7448979591836735,0.7448979591836735,0.7448979591836735,0.7653061224489796,0.7448979591836735,0.7448979591836735,0.7653061224489796,0.7448979591836735,0.7346938775510204,0.7346938775510204,0.8061224489795918,0.9591836734693877,0.8061224489795918,0.0,0.0,0.0,0.0,0.6238404452690167
c4812,22,0.7272727272727273,0.7272727272727273,0.7272727272727273,0.7272727272727273,0.7272727272727273,0.7272727272727273,0.7272727272727273,0.7272727272727273,0.7272727272727273,0.7272727272727273,0.7272727272727273,0.7272727272727273,0.7272727272727273,0.7272727272727273,0.7272727272727273,0.9090909090909091,1.0,0.9090909090909091,0.0,0.0,0.0,0.0,0.6239669421487604
c2590,435,0.7448275862068966,0.7448275862068966,0.7448275862068966,0.7448275862068966,0.7471264367816092,0.7471264367816092,0.7471264367816092,0.7471264367816092,0.7471264367816092,0.7471264367816092,0.7471264367816092,0.7471264367816092,0.7471264367816092,0.7448275862068966,0.7448275862068966,0.8022988505747126,0.9310344827586207,0.8114942528735632,0.0,0.0,0.0,0.0,0.6244514106583072
c3976,20,0.75,0.75,0.75,0.75,0.75,0.75,0.75,0.75,0.75,0.75,0.75,0.75,0.75,0.75,0.75,0.75,1.0,0.75,0.0,0.0,0.0,0.0,0.625
c9791,4,0.75,0.75,0.75,0.75,0.75,0.75,0.75,0.75,0.75,0.75,0.75,0.75,0.75,0.75,0.75,0.75,1.0,0.75,0.0,0.0,0.0,0.0,0.625
c3890,12,0.75,0.75,0.75,0.75,0.75,0.75,0.75,0.75,0.8333333333333334,0.75,0.75,0.75,0.75,0.75,0.75,0.6666666666666666,1.0,0.75,0.0,0.0,0.0,0.0,0.625
c0007,993,0.7170191339375629,0.7170191339375629,0.7170191339375629,0.7170191339375629,0.7270896273917422,0.7270896273917422,0.7321248741188319,0.7270896273917422,0.8197381671701913,0.7270896273917422,0.7270896273917422,0.7593152064451159,0.7270896273917422,0.7210473313192346,0.7210473313192346,0.9707955689828801,0.998992950654582,0.8992950654582075,0.0,0.0,0.0,0.0,0.6296804907076811
c5064,16,0.75,0.75,0.75,0.75,0.75,0.75,0.75,0.75,0.75,0.75,0.75,0.75,0.75,0.75,0.75,0.8125,1.0,0.875,0.0,0.0,0.0,0.0,0.6335227272727273
c9709,136,0.7132352941176471,0.7132352941176471,0.7132352941176471,0.7132352941176471,0.7279411764705882,0.7279411764705882,0.7720588235294118,0.7279411764705882,0.9485294117647058,0.7279411764705882,0.7279411764705882,0.9485294117647058,0.7279411764705882,0.7132352941176471,0.7132352941176471,0.8161764705882353,1.0,0.8161764705882353,0.0,0.0,0.0,0.0,0.634024064171123
c5010,17,0.7647058823529411,0.7647058823529411,0.7647058823529411,0.7647058823529411,0.7647058823529411,0.7647058823529411,0.7647058823529411,0.7647058823529411,0.7647058823529411,0.7647058823529411,0.7647058823529411,0.7647058823529411,0.7647058823529411,0.7647058823529411,0.7647058823529411,0.7647058823529411,1.0,0.7647058823529411,0.0,0.0,0.0,0.0,0.6363636363636364
c2954,1,0.0,0.0,0.0,0.0,1.0,1.0,1.0,1.0,1.0,1.0,1.0,1.0,1.0,0.0,0.0,0.0,1.0,1.0,0.0,1.0,1.0,1.0,0.6363636363636364
c3698,3,0.6666666666666666,0.6666666666666666,0.6666666666666666,0.6666666666666666,0.6666666666666666,0.6666666666666666,0.6666666666666666,0.6666666666666666,1.0,0.6666666666666666,0.6666666666666666,1.0,0.6666666666666666,0.6666666666666666,0.6666666666666666,0.6666666666666666,1.0,0.6666666666666666,1.0,0.0,0.0,0.0,0.6363636363636364
c0746,11,0.7272727272727273,0.7272727272727273,0.7272727272727273,0.7272727272727273,0.7272727272727273,0.7272727272727273,0.7272727272727273,0.7272727272727273,1.0,0.7272727272727273,0.7272727272727273,1.0,0.7272727272727273,0.7272727272727273,0.7272727272727273,0.7272727272727273,1.0,0.8181818181818182,0.0,0.0,0.0,0.0,0.6363636363636364
c1776,222,0.7117117117117117,0.7117117117117117,0.7117117117117117,0.7117117117117117,0.7252252252252253,0.7252252252252253,0.8108108108108109,0.7252252252252253,0.9279279279279279,0.7252252252252253,0.7252252252252253,0.9144144144144144,0.7252252252252253,0.7117117117117117,0.7117117117117117,0.9054054054054054,0.9954954954954955,0.8378378378378378,0.0,0.0,0.0,0.0,0.6369778869778869
c0086,23,0.6956521739130435,0.6956521739130435,0.6956521739130435,0.6956521739130435,0.6956521739130435,0.6956521739130435,0.6956521739130435,0.6956521739130435,0.6956521739130435,0.6956521739130435,0.6956521739130435,0.6956521739130435,0.6956521739130435,0.6956521739130435,0.6956521739130435,0.8260869565217391,0.9565217391304348,0.8260869565217391,1.0,0.0,0.0,0.0,0.6383399209486166
c4332,391,0.7237851662404092,0.7237851662404092,0.7237851662404092,0.7237851662404092,0.7519181585677749,0.7519181585677749,0.7519181585677749,0.7519181585677749,0.7519181585677749,0.7519181585677749,0.7519181585677749,0.7519181585677749,0.7519181585677749,0.7237851662404092,0.7237851662404092,0.9744245524296675,0.9923273657289002,0.979539641943734,0.0,0.0,0.0,0.0,0.6389211811206696
c5036,12,0.75,0.75,0.75,0.75,0.75,0.75,0.75,0.75,0.9166666666666666,0.75,0.75,0.9166666666666666,0.75,0.75,0.75,0.75,1.0,0.75,0.0,0.0,0.0,0.0,0.6401515151515151
c1264,16,0.75,0.75,0.75,0.75,0.75,0.75,0.75,0.75,0.875,0.75,0.75,0.875,0.75,0.75,0.75,0.8125,1.0,0.8125,0.0,0.0,0.0,0.0,0.6420454545454546
c4024,5,0.8,0.8,0.8,0.8,0.8,0.8,0.8,0.8,0.8,0.8,0.8,0.8,0.8,0.8,0.8,0.6,1.0,0.6,0.0,0.0,0.0,0.0,0.6454545454545455
c4438,9,0.7777777777777778,0.7777777777777778,0.7777777777777778,0.7777777777777778,0.7777777777777778,0.7777777777777778,0.7777777777777778,0.7777777777777778,0.7777777777777778,0.7777777777777778,0.7777777777777778,0.7777777777777778,0.7777777777777778,0.7777777777777778,0.7777777777777778,0.7777777777777778,1.0,0.7777777777777778,0.0,0.0,0.0,0.0,0.6464646464646465
c4346,16,0.75,0.75,0.75,0.75,0.75,0.75,0.75,0.75,0.8125,0.75,0.75,0.8125,0.75,0.75,0.75,0.9375,1.0,0.9375,0.0,0.0,0.0,0.0,0.6477272727272727
c0714,4,0.75,0.75,0.75,0.75,0.75,0.75,0.75,0.75,1.0,0.75,0.75,1.0,0.75,0.75,0.75,0.75,1.0,0.75,0.0,0.0,0.0,0.0,0.6477272727272727
c0487,4,0.75,0.75,0.75,0.75,0.75,0.75,0.75,0.75,1.0,0.75,0.75,1.0,0.75,0.75,0.75,0.75,1.0,0.75,0.0,0.0,0.0,0.0,0.6477272727272727
c1018,34,0.4411764705882353,0.4411764705882353,0.4411764705882353,0.4411764705882353,1.0,1.0,1.0,1.0,1.0,1.0,1.0,1.0,1.0,0.4411764705882353,0.4411764705882353,0.8235294117647058,0.9705882352941176,0.8235294117647058,0.0,0.0,0.0,0.0,0.6483957219251337
c3606,13,0.7692307692307693,0.7692307692307693,0.7692307692307693,0.7692307692307693,0.7692307692307693,0.7692307692307693,0.7692307692307693,0.7692307692307693,0.8461538461538461,0.7692307692307693,0.7692307692307693,0.7692307692307693,0.7692307692307693,0.7692307692307693,0.7692307692307693,0.8461538461538461,1.0,0.8461538461538461,0.0,0.0,0.0,0.0,0.6503496503496503
c5540,93,0.7634408602150538,0.7634408602150538,0.7634408602150538,0.7634408602150538,0.7849462365591398,0.7849462365591398,0.7849462365591398,0.7849462365591398,0.7849462365591398,0.7849462365591398,0.7849462365591398,0.7849462365591398,0.7849462365591398,0.7634408602150538,0.7634408602150538,0.8817204301075269,0.978494623655914,0.8172043010752689,0.0,0.0,0.0,0.0,0.6510263929618768
c1230,58,0.7931034482758621,0.7931034482758621,0.7931034482758621,0.7931034482758621,0.8103448275862069,0.8103448275862069,0.8103448275862069,0.8103448275862069,0.8275862068965517,0.8103448275862069,0.8103448275862069,0.8275862068965517,0.8103448275862069,0.7931034482758621,0.7931034482758621,0.6379310344827587,0.9827586206896551,0.6551724137931034,0.0,0.0,0.0,0.0,0.6528213166144201
c3752,13,0.6923076923076923,0.6923076923076923,0.6923076923076923,0.6923076923076923,0.6923076923076923,0.6923076923076923,0.6923076923076923,0.6923076923076923,1.0,0.6923076923076923,0.6923076923076923,1.0,0.6923076923076923,0.6923076923076923,0.6923076923076923,0.6923076923076923,1.0,0.6923076923076923,1.0,0.0,0.0,0.0,0.6538461538461539
c2232,465,0.7763440860215054,0.7763440860215054,0.7763440860215054,0.7763440860215054,0.7913978494623656,0.7913978494623656,0.7913978494623656,0.7913978494623656,0.8,0.7913978494623656,0.7913978494623656,0.7956989247311828,0.7913978494623656,0.7763440860215054,0.7763440860215054,0.8258064516129032,0.9376344086021505,0.832258064516129,0.0,0.0,0.0,0.0,0.6540566959921799
c0260,19,0.6842105263157895,0.6842105263157895,0.6842105263157895,0.6842105263157895,0.7894736842105263,0.7894736842105263,0.7894736842105263,0.7894736842105263,0.7894736842105263,0.7894736842105263,0.7894736842105263,0.7894736842105263,0.7894736842105263,0.6842105263157895,0.6842105263157895,0.6842105263157895,0.8421052631578947,0.6842105263157895,1.0,0.0,0.0,0.0,0.6555023923444976
c5348,623,0.7544141252006421,0.7544141252006421,0.7560192616372392,0.7560192616372392,0.7736757624398074,0.7736757624398074,0.7897271268057785,0.7736757624398074,0.8619582664526485,0.7736757624398074,0.7736757624398074,0.8619582664526485,0.7736757624398074,0.7560192616372392,0.7560192616372392,0.8491171749598716,1.0,0.9085072231139647,0.0,0.0,0.0,0.0,0.6566467240624544
c5476,25,0.84,0.84,0.84,0.84,0.88,0.88,0.88,0.88,0.88,0.88,0.88,0.88,0.88,0.84,0.84,0.04,1.0,0.48,0.0,0.0,0.0,0.0,0.6581818181818182
c0463,4,0.5,0.5,0.5,0.5,0.5,0.5,0.5,0.5,0.5,0.5,0.5,0.5,0.5,0.5,0.5,1.0,1.0,1.0,1.0,1.0,1.0,1.0,0.6590909090909091
c2012,4,0.5,0.5,0.5,0.5,0.5,0.5,0.5,0.5,0.5,0.5,0.5,0.5,0.5,0.5,0.5,1.0,1.0,1.0,1.0,1.0,1.0,1.0,0.6590909090909091
c3670,18,0.7777777777777778,0.7777777777777778,0.7777777777777778,0.7777777777777778,0.7777777777777778,0.7777777777777778,0.7777777777777778,0.7777777777777778,0.8888888888888888,0.7777777777777778,0.7777777777777778,0.8888888888888888,0.7777777777777778,0.7777777777777778,0.7777777777777778,0.8888888888888888,1.0,0.7777777777777778,0.0,0.0,0.0,0.0,0.6616161616161617
c0438,5,0.8,0.8,0.8,0.8,0.8,0.8,0.8,0.8,0.8,0.8,0.8,0.8,0.8,0.8,0.8,0.8,1.0,0.8,0.0,0.0,0.0,0.0,0.6636363636363637
c2936,5,0.8,0.8,0.8,0.8,0.8,0.8,0.8,0.8,0.8,0.8,0.8,0.8,0.8,0.8,0.8,0.8,1.0,0.8,0.0,0.0,0.0,0.0,0.6636363636363637
c1086,15,0.8,0.8,0.8,0.8,0.8,0.8,0.8,0.8,0.8,0.8,0.8,0.8,0.8,0.8,0.8,0.8,1.0,0.8,0.0,0.0,0.0,0.0,0.6636363636363637
c0848,318,0.7547169811320755,0.7547169811320755,0.7547169811320755,0.7547169811320755,0.7955974842767296,0.7955974842767296,0.7955974842767296,0.7955974842767296,0.7955974842767296,0.7955974842767296,0.7955974842767296,0.7955974842767296,0.7955974842767296,0.7547169811320755,0.7547169811320755,0.9591194968553459,0.9937106918238994,0.9685534591194969,0.0,0.0,0.0,0.0,0.6640937678673527
c4844,13,0.7692307692307693,0.7692307692307693,0.7692307692307693,0.7692307692307693,0.7692307692307693,0.7692307692307693,0.7692307692307693,0.7692307692307693,1.0,0.7692307692307693,0.7692307692307693,0.9230769230769231,0.7692307692307693,0.7692307692307693,0.7692307692307693,0.8461538461538461,1.0,0.8461538461538461,0.0,0.0,0.0,0.0,0.6643356643356644
c0390,399,0.8220551378446115,0.8220551378446115,0.8220551378446115,0.8220551378446115,0.8220551378446115,0.8220551378446115,0.8220551378446115,0.8220551378446115,0.8220551378446115,0.8220551378446115,0.8220551378446115,0.8220551378446115,0.8220551378446115,0.8220551378446115,0.8220551378446115,0.6491228070175439,1.0,0.6390977443609023,0.0,0.0,0.0,0.0,0.6645021645021645
c2384,307,0.739413680781759,0.739413680781759,0.742671009771987,0.742671009771987,0.8110749185667753,0.8110749185667753,0.8110749185667753,0.8110749185667753,0.8110749185667753,0.8110749185667753,0.8110749185667753,0.8110749185667753,0.8110749185667753,0.742671009771987,0.742671009771987,0.9576547231270358,0.9804560260586319,0.9609120521172638,0.0,0.0,0.0,0.0,0.6658276576843352
c3532,81,0.7654320987654321,0.7654320987654321,0.7654320987654321,0.7654320987654321,0.8148148148148148,0.8148148148148148,0.8148148148148148,0.8148148148148148,0.8148148148148148,0.8148148148148148,0.8148148148148148,0.8148148148148148,0.8148148148148148,0.7654320987654321,0.7654320987654321,0.8765432098765432,0.9506172839506173,0.9012345679012346,0.0,0.0,0.0,0.0,0.6661054994388328
c4316,36,0.8055555555555556,0.8055555555555556,0.8055555555555556,0.8055555555555556,0.8055555555555556,0.8055555555555556,0.8055555555555556,0.8055555555555556,0.8333333333333334,0.8055555555555556,0.8055555555555556,0.8333333333333334,0.8055555555555556,0.8055555555555556,0.8055555555555556,0.8055555555555556,0.9166666666666666,0.8333333333333334,0.0,0.0,0.0,0.0,0.6679292929292929
c4050,23,0.782608695652174,0.782608695652174,0.782608695652174,0.782608695652174,0.8260869565217391,0.8260869565217391,0.8260869565217391,0.8260869565217391,0.8260869565217391,0.8260869565217391,0.8260869565217391,0.8260869565217391,0.8260869565217391,0.782608695652174,0.782608695652174,0.782608695652174,1.0,0.8260869565217391,0.0,0.0,0.0,0.0,0.6699604743083004
c4214,4,0.75,0.75,0.75,0.75,0.75,0.75,1.0,0.75,1.0,0.75,0.75,1.0,0.75,0.75,0.75,0.75,1.0,1.0,0.0,0.0,0.0,0.0,0.6704545454545454
c0339,4,0.75,0.75,0.75,0.75,0.75,0.75,0.75,0.75,0.75,0.75,0.75,0.75,0.75,0.75,0.75,0.75,1.0,0.75,1.0,0.0,0.0,0.0,0.6704545454545454
c4836,15,0.6,0.6,0.6,0.6,0.6,0.6,0.8,0.6,0.9333333333333333,0.6,0.6,0.9333333333333333,0.6,0.6666666666666666,0.6666666666666666,0.9333333333333333,0.9333333333333333,0.9333333333333333,1.0,0.0,1.0,0.0,0.6727272727272727
c3302,884,0.7782805429864253,0.7782805429864253,0.7963800904977375,0.7963800904977375,0.7963800904977375,0.7963800904977375,0.7963800904977375,0.7963800904977375,0.7963800904977375,0.7963800904977375,0.7963800904977375,0.7963800904977375,0.7963800904977375,0.7963800904977375,0.7963800904977375,0.9389140271493213,1.0,0.9717194570135747,0.0,0.0,0.0,0.0,0.6736425339366516
c5658,112,0.8035714285714286,0.8035714285714286,0.8035714285714286,0.8035714285714286,0.8214285714285714,0.8214285714285714,0.8214285714285714,0.8214285714285714,0.8214285714285714,0.8214285714285714,0.8214285714285714,0.8214285714285714,0.8214285714285714,0.8035714285714286,0.8035714285714286,0.8035714285714286,0.9821428571428571,0.8214285714285714,0.0,0.0,0.0,0.0,0.6737012987012987
c3686,26,0.8076923076923077,0.8076923076923077,0.8076923076923077,0.8076923076923077,0.8076923076923077,0.8076923076923077,0.8076923076923077,0.8076923076923077,0.8461538461538461,0.8076923076923077,0.8076923076923077,0.8461538461538461,0.8076923076923077,0.8076923076923077,0.8076923076923077,0.8076923076923077,1.0,0.8461538461538461,0.0,0.0,0.0,0.0,0.6748251748251748
c4342,13,0.7692307692307693,0.7692307692307693,0.7692307692307693,0.7692307692307693,0.8461538461538461,0.8461538461538461,0.8461538461538461,0.8461538461538461,0.8461538461538461,0.8461538461538461,0.8461538461538461,0.8461538461538461,0.8461538461538461,0.7692307692307693,0.7692307692307693,0.8461538461538461,1.0,0.7692307692307693,0.0,0.0,0.0,0.0,0.6748251748251748
c3690,279,0.7992831541218638,0.7992831541218638,0.7992831541218638,0.7992831541218638,0.8136200716845878,0.8136200716845878,0.8243727598566308,0.8136200716845878,0.8243727598566308,0.8136200716845878,0.8136200716845878,0.8243727598566308,0.8136200716845878,0.7992831541218638,0.7992831541218638,0.8888888888888888,0.992831541218638,0.8172043010752689,0.0,0.0,0.0,0.0,0.6749755620723362
c3410,15,0.7333333333333333,0.7333333333333333,0.7333333333333333,0.7333333333333333,0.7333333333333333,0.7333333333333333,0.7333333333333333,0.7333333333333333,0.7333333333333333,0.7333333333333333,0.7333333333333333,0.7333333333333333,0.7333333333333333,0.7333333333333333,0.7333333333333333,0.9333333333333333,1.0,0.9333333333333333,1.0,0.0,0.0,0.0,0.6757575757575758
c4700,16,0.8125,0.8125,0.8125,0.8125,0.8125,0.8125,0.8125,0.8125,0.8125,0.8125,0.8125,0.8125,0.8125,0.8125,0.8125,0.8125,1.0,0.875,0.0,0.0,0.0,0.0,0.6761363636363636
c3682,462,0.7857142857142857,0.7857142857142857,0.7857142857142857,0.7857142857142857,0.8181818181818182,0.8181818181818182,0.8181818181818182,0.8181818181818182,0.8181818181818182,0.8181818181818182,0.8181818181818182,0.8181818181818182,0.8181818181818182,0.7857142857142857,0.7857142857142857,0.9393939393939394,0.9935064935064936,0.8874458874458875,0.0,0.0,0.0,0.0,0.677194018103109
c4816,59,0.4745762711864407,0.4745762711864407,0.4745762711864407,0.4745762711864407,0.4915254237288136,0.4915254237288136,0.5084745762711864,0.4915254237288136,0.8305084745762712,0.4915254237288136,0.4915254237288136,0.8135593220338984,0.4915254237288136,0.4745762711864407,0.4745762711864407,0.9830508474576272,1.0,0.9830508474576272,1.0,1.0,1.0,1.0,0.6779661016949152
c4340,469,0.7398720682302772,0.7398720682302772,0.7398720682302772,0.7398720682302772,0.837953091684435,0.837953091684435,0.837953091684435,0.837953091684435,0.837953091684435,0.837953091684435,0.837953091684435,0.837953091684435,0.837953091684435,0.7398720682302772,0.7398720682302772,0.9744136460554371,0.997867803837953,0.9786780383795309,0.0,0.0,0.0,0.0,0.6787168055824773
c9701,361,0.8060941828254847,0.8060941828254847,0.8060941828254847,0.8060941828254847,0.8116343490304709,0.8116343490304709,0.8116343490304709,0.8116343490304709,0.8227146814404432,0.8116343490304709,0.8116343490304709,0.8227146814404432,0.8116343490304709,0.8060941828254847,0.8060941828254847,0.9168975069252078,0.997229916897507,0.9002770083102493,0.0,0.0,0.0,0.0,0.6808108788718207
c5528,10,0.8,0.8,0.8,0.8,0.8,0.8,0.9,0.8,0.9,0.8,0.8,0.9,0.8,0.8,0.8,0.8,1.0,0.9,0.0,0.0,0.0,0.0,0.6818181818181818
c1564,2,0.5,0.5,0.5,0.5,0.5,0.5,1.0,0.5,1.0,0.5,0.5,1.0,0.5,0.5,0.5,0.5,0.5,1.0,1.0,1.0,1.0,1.0,0.6818181818181818
c2118,1,1.0,1.0,1.0,1.0,1.0,1.0,1.0,1.0,1.0,1.0,1.0,1.0,1.0,1.0,1.0,0.0,0.0,0.0,0.0,0.0,0.0,0.0,0.6818181818181818
c5136,3,0.3333333333333333,0.3333333333333333,0.3333333333333333,0.3333333333333333,0.6666666666666666,0.6666666666666666,0.6666666666666666,0.6666666666666666,0.6666666666666666,0.6666666666666666,0.6666666666666666,0.6666666666666666,0.6666666666666666,0.3333333333333333,0.3333333333333333,1.0,1.0,1.0,1.0,1.0,1.0,1.0,0.6818181818181818
c4896,508,0.7933070866141733,0.7933070866141733,0.7933070866141733,0.7933070866141733,0.812992125984252,0.8169291338582677,0.8169291338582677,0.8169291338582677,0.8169291338582677,0.812992125984252,0.812992125984252,0.8169291338582677,0.812992125984252,0.7933070866141733,0.7933070866141733,0.9704724409448819,1.0,0.9547244094488189,0.0,0.0,0.0,0.0,0.6828024337866857
c1280,16,0.8125,0.8125,0.8125,0.8125,0.8125,0.8125,0.8125,0.8125,0.9375,0.8125,0.8125,0.9375,0.8125,0.8125,0.8125,0.8125,0.9375,0.875,0.0,0.0,0.0,0.0,0.6846590909090909
c0452,11,0.8181818181818182,0.8181818181818182,0.8181818181818182,0.8181818181818182,0.8181818181818182,0.8181818181818182,0.8181818181818182,0.8181818181818182,0.9090909090909091,0.8181818181818182,0.8181818181818182,0.9090909090909091,0.8181818181818182,0.8181818181818182,0.8181818181818182,0.8181818181818182,1.0,0.8181818181818182,0.0,0.0,0.0,0.0,0.6859504132231405
c3040,8,0.75,0.75,0.75,0.75,0.75,0.75,0.75,0.75,0.875,0.75,0.75,0.875,0.75,0.75,0.75,0.75,1.0,0.875,1.0,0.0,0.0,0.0,0.6875
c4766,35,0.8285714285714286,0.8285714285714286,0.8285714285714286,0.8285714285714286,0.8285714285714286,0.8285714285714286,0.8285714285714286,0.8285714285714286,0.8285714285714286,0.8285714285714286,0.8285714285714286,0.8285714285714286,0.8285714285714286,0.8285714285714286,0.8285714285714286,0.8571428571428571,1.0,0.8571428571428571,0.0,0.0,0.0,0.0,0.6883116883116883
c3585,6,0.8333333333333334,0.8333333333333334,0.8333333333333334,0.8333333333333334,0.8333333333333334,0.8333333333333334,0.8333333333333334,0.8333333333333334,0.8333333333333334,0.8333333333333334,0.8333333333333334,0.8333333333333334,0.8333333333333334,0.8333333333333334,0.8333333333333334,0.8333333333333334,1.0,0.8333333333333334,0.0,0.0,0.0,0.0,0.6893939393939394
c5394,22,0.8181818181818182,0.8181818181818182,0.8181818181818182,0.8181818181818182,0.8181818181818182,0.8181818181818182,0.8181818181818182,0.8181818181818182,0.9090909090909091,0.8181818181818182,0.8181818181818182,0.8181818181818182,0.8181818181818182,0.8181818181818182,0.8181818181818182,0.9090909090909091,1.0,0.9090909090909091,0.0,0.0,0.0,0.0,0.6900826446280992
c5016,34,0.8235294117647058,0.8235294117647058,0.8235294117647058,0.8235294117647058,0.8529411764705882,0.8529411764705882,0.8529411764705882,0.8529411764705882,0.8529411764705882,0.8529411764705882,0.8529411764705882,0.8529411764705882,0.8529411764705882,0.8235294117647058,0.8235294117647058,0.8529411764705882,0.8823529411764706,0.8529411764705882,0.0,0.0,0.0,0.0,0.6911764705882353
c3706,340,0.8147058823529412,0.8147058823529412,0.8147058823529412,0.8147058823529412,0.8147058823529412,0.8147058823529412,0.8235294117647058,0.8147058823529412,0.8441176470588235,0.8147058823529412,0.8147058823529412,0.8441176470588235,0.8147058823529412,0.8147058823529412,0.8147058823529412,0.9705882352941176,1.0,0.961764705882353,0.0,0.0,0.0,0.0,0.6918449197860963
c0070,874,0.7986270022883295,0.7986270022883295,0.7986270022883295,0.7986270022883295,0.8009153318077803,0.8009153318077803,0.8157894736842105,0.8009153318077803,0.9462242562929062,0.8009153318077803,0.8009153318077803,0.8935926773455377,0.8009153318077803,0.7986270022883295,0.7986270022883295,0.9839816933638444,0.9977116704805492,0.9897025171624714,0.0,0.0,0.0,0.0,0.6920116496775536
c3562,282,0.8191489361702128,0.8191489361702128,0.8191489361702128,0.8191489361702128,0.8191489361702128,0.8191489361702128,0.8191489361702128,0.8191489361702128,0.8333333333333334,0.8191489361702128,0.8191489361702128,0.8333333333333334,0.8191489361702128,0.8191489361702128,0.8191489361702128,0.9645390070921985,1.0,0.975177304964539,0.0,0.0,0.0,0.0,0.6934235976789168
c9661,499,0.7995991983967936,0.7995991983967936,0.7995991983967936,0.7995991983967936,0.8376753507014028,0.8376753507014028,0.8376753507014028,0.8376753507014028,0.8396793587174348,0.8376753507014028,0.8376753507014028,0.8396793587174348,0.8376753507014028,0.7995991983967936,0.7995991983967936,0.9719438877755511,0.9939879759519038,0.9759519038076152,0.0,0.0,0.0,0.0,0.6946620513754782
c3776,42,0.8333333333333334,0.8333333333333334,0.8333333333333334,0.8333333333333334,0.8571428571428571,0.8571428571428571,0.8571428571428571,0.8571428571428571,0.8571428571428571,0.8571428571428571,0.8571428571428571,0.8571428571428571,0.8571428571428571,0.8333333333333334,0.8333333333333334,0.8571428571428571,0.9761904761904762,0.7380952380952381,0.0,0.0,0.0,0.0,0.6948051948051948
c2146,596,0.8322147651006712,0.8322147651006712,0.8322147651006712,0.8322147651006712,0.8506711409395973,0.8506711409395973,0.8523489932885906,0.8506711409395973,0.8523489932885906,0.8506711409395973,0.8506711409395973,0.8523489932885906,0.8506711409395973,0.8322147651006712,0.8322147651006712,0.837248322147651,0.9429530201342282,0.8523489932885906,0.0,0.0,0.0,0.0,0.6948596705308114
c0942,12,0.8333333333333334,0.8333333333333334,0.8333333333333334,0.8333333333333334,0.8333333333333334,0.8333333333333334,0.8333333333333334,0.8333333333333334,0.9166666666666666,0.8333333333333334,0.8333333333333334,0.9166666666666666,0.8333333333333334,0.8333333333333334,0.8333333333333334,0.8333333333333334,1.0,0.8333333333333334,0.0,0.0,0.0,0.0,0.696969696969697
c3760,310,0.8451612903225807,0.8451612903225807,0.8451612903225807,0.8451612903225807,0.8516129032258064,0.8516129032258064,0.8516129032258064,0.8516129032258064,0.8516129032258064,0.8516129032258064,0.8516129032258064,0.8516129032258064,0.8516129032258064,0.8451612903225807,0.8451612903225807,0.8483870967741935,0.9096774193548387,0.8516129032258064,0.0,0.0,0.0,0.0,0.6975073313782991
c0159,33,0.8484848484848485,0.8484848484848485,0.8484848484848485,0.8484848484848485,0.8484848484848485,0.8484848484848485,0.8484848484848485,0.8484848484848485,0.8787878787878788,0.8484848484848485,0.8484848484848485,0.8484848484848485,0.8484848484848485,0.8484848484848485,0.8484848484848485,0.8181818181818182,0.9696969696969697,0.8484848484848485,0.0,0.0,0.0,0.0,0.699724517906336
c3822,329,0.8358662613981763,0.8358662613981763,0.8358662613981763,0.8358662613981763,0.8601823708206687,0.8601823708206687,0.8601823708206687,0.8601823708206687,0.8601823708206687,0.8601823708206687,0.8601823708206687,0.8601823708206687,0.8601823708206687,0.8358662613981763,0.8358662613981763,0.8358662613981763,0.9483282674772037,0.8753799392097265,0.0,0.0,0.0,0.0,0.7007460624481902
c2374,219,0.7945205479452054,0.7945205479452054,0.7945205479452054,0.7945205479452054,0.863013698630137,0.863013698630137,0.863013698630137,0.863013698630137,0.863013698630137,0.863013698630137,0.863013698630137,0.863013698630137,0.863013698630137,0.7945205479452054,0.7945205479452054,0.9315068493150684,1.0,0.954337899543379,0.0,0.0,0.0,0.0,0.7009132420091324
c2948,23,0.8260869565217391,0.8260869565217391,0.8260869565217391,0.8260869565217391,0.8695652173913043,0.8695652173913043,0.8695652173913043,0.8695652173913043,0.8695652173913043,0.8695652173913043,0.8695652173913043,0.8695652173913043,0.8695652173913043,0.8260869565217391,0.8260869565217391,0.8260869565217391,1.0,0.8260869565217391,0.0,0.0,0.0,0.0,0.7015810276679841
c4850,481,0.8336798336798337,0.8336798336798337,0.8336798336798337,0.8336798336798337,0.8378378378378378,0.8378378378378378,0.8378378378378378,0.8378378378378378,0.8378378378378378,0.8378378378378378,0.8378378378378378,0.8378378378378378,0.8378378378378378,0.8336798336798337,0.8336798336798337,0.9501039501039501,0.9937629937629938,0.9584199584199584,0.0,0.0,0.0,0.0,0.702041202041202
c0002,27,0.8518518518518519,0.8518518518518519,0.8518518518518519,0.8518518518518519,0.8518518518518519,0.8518518518518519,0.8518518518518519,0.8518518518518519,0.8518518518518519,0.8518518518518519,0.8518518518518519,0.8518518518518519,0.8518518518518519,0.8518518518518519,0.8518518518518519,0.8518518518518519,1.0,0.8518518518518519,0.0,0.0,0.0,0.0,0.7037037037037037
c3784,349,0.839541547277937,0.839541547277937,0.839541547277937,0.839541547277937,0.8538681948424068,0.8538681948424068,0.8538681948424068,0.8538681948424068,0.8538681948424068,0.8538681948424068,0.8538681948424068,0.8538681948424068,0.8538681948424068,0.839541547277937,0.839541547277937,0.8939828080229226,0.9770773638968482,0.9025787965616046,0.0,0.0,0.0,0.0,0.7043500911695754
c3772,238,0.8445378151260504,0.8445378151260504,0.8445378151260504,0.8445378151260504,0.8487394957983193,0.8487394957983193,0.8487394957983193,0.8487394957983193,0.8739495798319328,0.8487394957983193,0.8487394957983193,0.8529411764705882,0.8487394957983193,0.8445378151260504,0.8445378151260504,0.8529411764705882,0.9915966386554622,0.9159663865546218,0.0,0.0,0.0,0.0,0.7043544690603514
c3176,34,0.8529411764705882,0.8529411764705882,0.8529411764705882,0.8529411764705882,0.8529411764705882,0.8529411764705882,0.8529411764705882,0.8529411764705882,0.8529411764705882,0.8529411764705882,0.8529411764705882,0.8529411764705882,0.8529411764705882,0.8529411764705882,0.8529411764705882,0.8529411764705882,1.0,0.8529411764705882,0.0,0.0,0.0,0.0,0.7045454545454546
c2202,50,0.9,0.9,0.9,0.9,0.9,0.9,0.9,0.9,0.9,0.9,0.9,0.9,0.9,0.9,0.9,0.76,1.0,0.24,0.0,0.0,0.0,0.0,0.7045454545454546
c3931,6,0.8333333333333334,0.8333333333333334,0.8333333333333334,0.8333333333333334,0.8333333333333334,0.8333333333333334,0.8333333333333334,0.8333333333333334,1.0,0.8333333333333334,0.8333333333333334,1.0,0.8333333333333334,0.8333333333333334,0.8333333333333334,0.8333333333333334,1.0,0.8333333333333334,0.0,0.0,0.0,0.0,0.7045454545454546
c3512,2,0.5,0.5,0.5,0.5,0.5,0.5,0.5,0.5,1.0,0.5,0.5,1.0,0.5,0.5,0.5,1.0,1.0,1.0,1.0,1.0,1.0,1.0,0.7045454545454546
c2228,10,0.8,0.8,0.9,0.9,0.8,0.8,0.9,0.8,0.9,0.8,0.8,0.9,0.8,0.9,0.9,0.9,1.0,0.9,0.0,0.0,0.0,0.0,0.7045454545454546
c5104,2,0.5,0.5,0.5,0.5,1.0,1.0,1.0,1.0,1.0,1.0,1.0,1.0,1.0,0.5,0.5,1.0,1.0,0.5,1.0,0.0,0.0,0.0,0.7045454545454546
c4838,19,0.8421052631578947,0.8421052631578947,0.8421052631578947,0.8421052631578947,0.8421052631578947,0.8421052631578947,0.8421052631578947,0.8421052631578947,0.8421052631578947,0.8421052631578947,0.8421052631578947,0.8421052631578947,0.8421052631578947,0.8421052631578947,0.8421052631578947,0.8947368421052632,1.0,1.0,0.0,0.0,0.0,0.0,0.7057416267942583
c4808,229,0.8384279475982532,0.8384279475982532,0.8384279475982532,0.8384279475982532,0.8427947598253275,0.8427947598253275,0.8558951965065502,0.8427947598253275,0.9519650655021834,0.8427947598253275,0.8427947598253275,0.9301310043668122,0.8427947598253275,0.8384279475982532,0.8384279475982532,0.851528384279476,0.9956331877729258,0.8602620087336245,0.0,0.0,0.0,0.0,0.7060341405319571
c1036,246,0.8373983739837398,0.8373983739837398,0.8373983739837398,0.8373983739837398,0.8495934959349594,0.8495934959349594,0.8495934959349594,0.8495934959349594,0.8495934959349594,0.8495934959349594,0.8495934959349594,0.8495934959349594,0.8495934959349594,0.8373983739837398,0.8373983739837398,0.9471544715447154,1.0,0.9512195121951219,0.0,0.0,0.0,0.0,0.7076866223207686
c2220,78,0.8461538461538461,0.8461538461538461,0.8461538461538461,0.8461538461538461,0.8461538461538461,0.8461538461538461,0.8461538461538461,0.8461538461538461,0.8589743589743589,0.8461538461538461,0.8461538461538461,0.8589743589743589,0.8461538461538461,0.8461538461538461,0.8461538461538461,0.9358974358974359,0.9871794871794872,0.9358974358974359,0.0,0.0,0.0,0.0,0.708041958041958
c3200,301,0.8438538205980066,0.8438538205980066,0.8438538205980066,0.8438538205980066,0.8538205980066446,0.8604651162790697,0.8637873754152824,0.8604651162790697,0.9335548172757475,0.8538205980066446,0.8538205980066446,0.9003322259136213,0.8538205980066446,0.8438538205980066,0.8438538205980066,0.8438538205980066,0.9966777408637874,0.8438538205980066,0.0,0.0,0.0,0.0,0.7082452431289641
c2612,64,0.859375,0.859375,0.859375,0.859375,0.859375,0.859375,0.859375,0.859375,0.859375,0.859375,0.859375,0.859375,0.859375,0.859375,0.859375,0.859375,0.96875,0.875,0.0,0.0,0.0,0.0,0.7088068181818182
c4880,20,0.85,0.85,0.85,0.85,0.85,0.85,0.9,0.85,0.95,0.85,0.85,0.9,0.85,0.85,0.85,0.85,1.0,0.85,0.0,0.0,0.0,0.0,0.7113636363636363
c3394,24,0.8333333333333334,0.8333333333333334,0.875,0.875,0.875,0.875,0.875,0.875,0.9583333333333334,0.875,0.875,0.9166666666666666,0.875,0.875,0.875,0.8333333333333334,0.9583333333333334,0.7083333333333334,0.0,0.0,0.0,0.0,0.7121212121212122
c2682,22,0.8636363636363636,0.8636363636363636,0.8636363636363636,0.8636363636363636,0.8636363636363636,0.8636363636363636,0.8636363636363636,0.8636363636363636,0.8636363636363636,0.8636363636363636,0.8636363636363636,0.8636363636363636,0.8636363636363636,0.8636363636363636,0.8636363636363636,0.8636363636363636,1.0,0.8636363636363636,0.0,0.0,0.0,0.0,0.7128099173553719
c1682,819,0.8461538461538461,0.8461538461538461,0.8461538461538461,0.8461538461538461,0.8547008547008547,0.8547008547008547,0.8547008547008547,0.8547008547008547,0.8595848595848596,0.8547008547008547,0.8547008547008547,0.8595848595848596,0.8547008547008547,0.8461538461538461,0.8461538461538461,0.9768009768009768,0.9877899877899878,0.9536019536019537,0.0,0.0,0.0,0.0,0.7135087135087135
c3582,7,0.8571428571428571,0.8571428571428571,0.8571428571428571,0.8571428571428571,0.8571428571428571,0.8571428571428571,0.8571428571428571,0.8571428571428571,0.8571428571428571,0.8571428571428571,0.8571428571428571,0.8571428571428571,0.8571428571428571,0.8571428571428571,0.8571428571428571,0.8571428571428571,1.0,1.0,0.0,0.0,0.0,0.0,0.7142857142857143
c3762,611,0.8608837970540099,0.8608837970540099,0.8608837970540099,0.8608837970540099,0.8707037643207856,0.8723404255319149,0.8723404255319149,0.8723404255319149,0.8723404255319149,0.8707037643207856,0.8707037643207856,0.8723404255319149,0.8707037643207856,0.8608837970540099,0.8608837970540099,0.8641571194762684,0.9509001636661211,0.9099836333878887,0.0,0.0,0.0,0.0,0.7152209492635024
c2222,80,0.85,0.85,0.85,0.85,0.85,0.85,0.8625,0.85,0.9125,0.85,0.85,0.9,0.85,0.85,0.85,0.95,0.9875,0.95,0.0,0.0,0.0,0.0,0.7164772727272727
c5662,47,0.8723404255319149,0.8723404255319149,0.8723404255319149,0.8723404255319149,0.8723404255319149,0.8723404255319149,0.8723404255319149,0.8723404255319149,0.8723404255319149,0.8723404255319149,0.8723404255319149,0.8723404255319149,0.8723404255319149,0.8723404255319149,0.8723404255319149,0.8723404255319149,0.9574468085106383,0.8723404255319149,0.0,0.0,0.0,0.0,0.7176015473887815
c0119,133,0.8721804511278195,0.8721804511278195,0.8721804511278195,0.8721804511278195,0.8721804511278195,0.8721804511278195,0.8721804511278195,0.8721804511278195,0.8721804511278195,0.8721804511278195,0.8721804511278195,0.8721804511278195,0.8721804511278195,0.8721804511278195,0.8721804511278195,0.8947368421052632,0.9323308270676691,0.9022556390977443,0.0,0.0,0.0,0.0,0.7187286397812713
c1352,23,0.8695652173913043,0.8695652173913043,0.8695652173913043,0.8695652173913043,0.8695652173913043,0.8695652173913043,0.8695652173913043,0.8695652173913043,0.9130434782608695,0.8695652173913043,0.8695652173913043,0.9130434782608695,0.8695652173913043,0.8695652173913043,0.8695652173913043,0.8695652173913043,1.0,0.8695652173913043,0.0,0.0,0.0,0.0,0.7213438735177866
c2698,32,0.875,0.875,0.875,0.875,0.875,0.875,0.875,0.875,0.875,0.875,0.875,0.875,0.875,0.875,0.875,0.875,1.0,0.90625,0.0,0.0,0.0,0.0,0.7230113636363636
c9683,489,0.8629856850715747,0.8629856850715747,0.8629856850715747,0.8629856850715747,0.8711656441717791,0.8711656441717791,0.8711656441717791,0.8711656441717791,0.8711656441717791,0.8711656441717791,0.8711656441717791,0.8711656441717791,0.8711656441717791,0.8629856850715747,0.8629856850715747,0.950920245398773,0.9754601226993865,0.9631901840490797,0.0,0.0,0.0,0.0,0.7230897936419409
c1078,14,0.8571428571428571,0.8571428571428571,0.8571428571428571,0.8571428571428571,0.8571428571428571,0.8571428571428571,0.9285714285714286,0.8571428571428571,1.0,0.8571428571428571,0.8571428571428571,1.0,0.8571428571428571,0.8571428571428571,0.8571428571428571,0.8571428571428571,1.0,0.8571428571428571,0.0,0.0,0.0,0.0,0.724025974025974
c2274,62,0.9032258064516129,0.9032258064516129,0.9032258064516129,0.9032258064516129,0.9032258064516129,0.9032258064516129,0.9032258064516129,0.9032258064516129,0.967741935483871,0.9032258064516129,0.9032258064516129,0.9032258064516129,0.9032258064516129,0.9032258064516129,0.9032258064516129,0.6129032258064516,0.9516129032258065,0.7741935483870968,0.0,0.0,0.0,0.0,0.7250733137829912
c1418,436,0.8577981651376146,0.8577981651376146,0.8577981651376146,0.8577981651376146,0.8715596330275229,0.8715596330275229,0.8715596330275229,0.8715596330275229,0.8830275229357798,0.8715596330275229,0.8715596330275229,0.8830275229357798,0.8715596330275229,0.8577981651376146,0.8577981651376146,0.9862385321100917,0.9885321100917431,0.9839449541284404,0.0,0.0,0.0,0.0,0.726021684737281
c1634,85,0.8941176470588236,0.8941176470588236,0.8941176470588236,0.8941176470588236,0.9176470588235294,0.9176470588235294,0.9176470588235294,0.9176470588235294,0.9176470588235294,0.9176470588235294,0.9176470588235294,0.9176470588235294,0.9176470588235294,0.8941176470588236,0.8941176470588236,0.8588235294117647,0.9764705882352941,0.5176470588235295,0.0,0.0,0.0,0.0,0.7262032085561497
c3594,646,0.8839009287925697,0.8839009287925697,0.8839009287925697,0.8839009287925697,0.8839009287925697,0.8839009287925697,0.8839009287925697,0.8839009287925697,0.8839009287925697,0.8839009287925697,0.8839009287925697,0.8839009287925697,0.8839009287925697,0.8839009287925697,0.8839009287925697,0.8854489164086687,0.9427244582043344,0.9071207430340558,0.0,0.0,0.0,0.0,0.726991274978891
c3966,41,0.8780487804878049,0.8780487804878049,0.8780487804878049,0.8780487804878049,0.8780487804878049,0.9024390243902439,0.9024390243902439,0.9024390243902439,0.9024390243902439,0.8780487804878049,0.8780487804878049,0.9024390243902439,0.8780487804878049,0.8780487804878049,0.8780487804878049,0.8292682926829268,1.0,0.8780487804878049,0.0,0.0,0.0,0.0,0.7272727272727273
c5474,34,0.8823529411764706,0.8823529411764706,0.8823529411764706,0.8823529411764706,0.8823529411764706,0.8823529411764706,0.8823529411764706,0.8823529411764706,0.8823529411764706,0.8823529411764706,0.8823529411764706,0.8823529411764706,0.8823529411764706,0.8823529411764706,0.8823529411764706,0.8823529411764706,1.0,0.8823529411764706,0.0,0.0,0.0,0.0,0.7272727272727273
c4326,5,1.0,1.0,1.0,1.0,1.0,1.0,1.0,1.0,1.0,1.0,1.0,1.0,1.0,1.0,1.0,0.0,1.0,0.0,0.0,0.0,0.0,0.0,0.7272727272727273
c9503,1,1.0,1.0,1.0,1.0,1.0,1.0,1.0,1.0,1.0,1.0,1.0,1.0,1.0,1.0,1.0,1.0,0.0,0.0,0.0,0.0,0.0,0.0,0.7272727272727273
c8577,1,1.0,1.0,1.0,1.0,1.0,1.0,1.0,1.0,1.0,1.0,1.0,1.0,1.0,1.0,1.0,0.0,1.0,0.0,0.0,0.0,0.0,0.0,0.7272727272727273
c8115,13,1.0,1.0,1.0,1.0,1.0,1.0,1.0,1.0,1.0,1.0,1.0,1.0,1.0,1.0,1.0,0.9230769230769231,0.07692307692307693,0.0,0.0,0.0,0.0,0.0,0.7272727272727273
c4756,1,1.0,1.0,1.0,1.0,1.0,1.0,1.0,1.0,1.0,1.0,1.0,1.0,1.0,1.0,1.0,0.0,1.0,0.0,0.0,0.0,0.0,0.0,0.7272727272727273
c0001,1,1.0,1.0,1.0,1.0,1.0,1.0,1.0,1.0,1.0,1.0,1.0,1.0,1.0,1.0,1.0,0.0,1.0,0.0,0.0,0.0,0.0,0.0,0.7272727272727273
c2026,4,1.0,1.0,1.0,1.0,1.0,1.0,1.0,1.0,1.0,1.0,1.0,1.0,1.0,1.0,1.0,0.0,1.0,0.0,0.0,0.0,0.0,0.0,0.7272727272727273
c0455,1,1.0,1.0,1.0,1.0,1.0,1.0,1.0,1.0,1.0,1.0,1.0,1.0,1.0,1.0,1.0,0.0,1.0,0.0,0.0,0.0,0.0,0.0,0.7272727272727273
c0584,17,0.8823529411764706,0.8823529411764706,0.8823529411764706,0.8823529411764706,0.8823529411764706,0.8823529411764706,0.8823529411764706,0.8823529411764706,0.8823529411764706,0.8823529411764706,0.8823529411764706,0.8823529411764706,0.8823529411764706,0.8823529411764706,0.8823529411764706,0.8823529411764706,1.0,0.8823529411764706,0.0,0.0,0.0,0.0,0.7272727272727273
c0109,2,1.0,1.0,1.0,1.0,1.0,1.0,1.0,1.0,1.0,1.0,1.0,1.0,1.0,1.0,1.0,0.0,0.0,0.0,1.0,0.0,0.0,0.0,0.7272727272727273
c0436,30,0.8666666666666667,0.8666666666666667,0.8666666666666667,0.8666666666666667,0.9,0.9,0.9,0.9,0.9,0.9,0.9,0.9,0.9,0.8666666666666667,0.8666666666666667,0.8666666666666667,1.0,0.8666666666666667,0.0,0.0,0.0,0.0,0.7287878787878788
c3716,207,0.8695652173913043,0.8695652173913043,0.8695652173913043,0.8695652173913043,0.8792270531400966,0.8792270531400966,0.8792270531400966,0.8792270531400966,0.8888888888888888,0.8792270531400966,0.8792270531400966,0.8840579710144928,0.8792270531400966,0.8695652173913043,0.8695652173913043,0.961352657004831,0.9758454106280193,0.9565217391304348,0.0,0.0,0.0,0.0,0.7290294246815986
c4734,104,1.0,1.0,1.0,1.0,1.0,1.0,1.0,1.0,1.0,1.0,1.0,1.0,1.0,1.0,1.0,0.028846153846153848,1.0,0.04807692307692308,0.0,0.0,0.0,0.0,0.7307692307692307
c3440,277,0.8772563176895307,0.8772563176895307,0.8772563176895307,0.8772563176895307,0.8808664259927798,0.8808664259927798,0.8844765342960289,0.8808664259927798,0.9061371841155235,0.8808664259927798,0.8808664259927798,0.9061371841155235,0.8808664259927798,0.8772563176895307,0.8772563176895307,0.8916967509025271,1.0,0.9494584837545126,0.0,0.0,0.0,0.0,0.731211027239908
c4752,131,1.0,1.0,1.0,1.0,1.0,1.0,1.0,1.0,1.0,1.0,1.0,1.0,1.0,1.0,1.0,0.04580152671755725,1.0,0.05343511450381679,0.0,0.0,0.0,0.0,0.7317834836918806
c4736,109,1.0,1.0,1.0,1.0,1.0,1.0,1.0,1.0,1.0,1.0,1.0,1.0,1.0,1.0,1.0,0.05504587155963303,1.0,0.045871559633027525,0.0,0.0,0.0,0.0,0.73185988323603
c3936,54,0.8888888888888888,0.8888888888888888,0.8888888888888888,0.8888888888888888,0.8888888888888888,0.8888888888888888,0.8888888888888888,0.8888888888888888,0.8888888888888888,0.8888888888888888,0.8888888888888888,0.8888888888888888,0.8888888888888888,0.8888888888888888,0.8888888888888888,0.8888888888888888,1.0,0.8888888888888888,0.0,0.0,0.0,0.0,0.7323232323232324
c4092,9,0.8888888888888888,0.8888888888888888,0.8888888888888888,0.8888888888888888,0.8888888888888888,0.8888888888888888,0.8888888888888888,0.8888888888888888,0.8888888888888888,0.8888888888888888,0.8888888888888888,0.8888888888888888,0.8888888888888888,0.8888888888888888,0.8888888888888888,0.8888888888888888,1.0,0.8888888888888888,0.0,0.0,0.0,0.0,0.7323232323232324
c4738,116,1.0,1.0,1.0,1.0,1.0,1.0,1.0,1.0,1.0,1.0,1.0,1.0,1.0,1.0,1.0,0.0603448275862069,1.0,0.06896551724137931,0.0,0.0,0.0,0.0,0.7331504702194357
c5184,192,0.8854166666666666,0.8854166666666666,0.8854166666666666,0.8854166666666666,0.8854166666666666,0.8854166666666666,0.8854166666666666,0.8854166666666666,0.8854166666666666,0.8854166666666666,0.8854166666666666,0.8854166666666666,0.8854166666666666,0.8854166666666666,0.8854166666666666,0.921875,1.0,0.9322916666666666,0.0,0.0,0.0,0.0,0.7334280303030303
c0227,434,0.8571428571428571,0.8571428571428571,0.8617511520737328,0.8617511520737328,0.8986175115207373,0.8986175115207373,0.8986175115207373,0.8986175115207373,0.9032258064516129,0.8986175115207373,0.8986175115207373,0.9032258064516129,0.8986175115207373,0.8617511520737328,0.8617511520737328,0.9447004608294931,0.9953917050691244,0.9493087557603687,0.0,0.0,0.0,0.0,0.7339757017176372
c0716,32,0.875,0.875,0.875,0.875,0.90625,0.90625,0.90625,0.90625,0.90625,0.90625,0.90625,0.90625,0.90625,0.875,0.875,0.875,1.0,0.875,0.0,0.0,0.0,0.0,0.734375
c3884,115,0.8869565217391304,0.8869565217391304,0.8869565217391304,0.8869565217391304,0.8869565217391304,0.8869565217391304,0.8956521739130435,0.8869565217391304,0.9043478260869565,0.8869565217391304,0.8869565217391304,0.9043478260869565,0.8869565217391304,0.8869565217391304,0.8869565217391304,0.9043478260869565,1.0,0.9130434782608695,0.0,0.0,0.0,0.0,0.7347826086956522
c4306,66,0.8939393939393939,0.8939393939393939,0.8939393939393939,0.8939393939393939,0.8939393939393939,0.8939393939393939,0.8939393939393939,0.8939393939393939,0.8939393939393939,0.8939393939393939,0.8939393939393939,0.8939393939393939,0.8939393939393939,0.8939393939393939,0.8939393939393939,0.8939393939393939,0.9393939393939394,0.9242424242424242,0.0,0.0,0.0,0.0,0.7348484848484849
c0322,24,0.8333333333333334,0.8333333333333334,0.8333333333333334,0.8333333333333334,0.8333333333333334,0.8333333333333334,0.8333333333333334,0.8333333333333334,0.8333333333333334,0.8333333333333334,0.8333333333333334,0.8333333333333334,0.8333333333333334,0.8333333333333334,0.8333333333333334,0.8333333333333334,1.0,0.8333333333333334,1.0,0.0,0.0,0.0,0.7348484848484849
c5444,52,0.8846153846153846,0.8846153846153846,0.8846153846153846,0.8846153846153846,0.8846153846153846,0.8846153846153846,0.8846153846153846,0.8846153846153846,0.9423076923076923,0.8846153846153846,0.8846153846153846,0.9230769230769231,0.8846153846153846,0.8846153846153846,0.8846153846153846,0.9038461538461539,1.0,0.9038461538461539,0.0,0.0,0.0,0.0,0.7351398601398601
c5712,410,0.8707317073170732,0.8707317073170732,0.8975609756097561,0.8975609756097561,0.8780487804878049,0.8780487804878049,0.8780487804878049,0.8780487804878049,0.8780487804878049,0.8780487804878049,0.8780487804878049,0.8780487804878049,0.8780487804878049,0.9024390243902439,0.9024390243902439,0.9707317073170731,0.9926829268292683,0.973170731707317,0.0,0.0,0.0,0.0,0.7354767184035477
c5704,796,0.8756281407035176,0.8756281407035176,0.8869346733668342,0.8869346733668342,0.8844221105527639,0.8844221105527639,0.8844221105527639,0.8844221105527639,0.8844221105527639,0.8844221105527639,0.8844221105527639,0.8844221105527639,0.8844221105527639,0.8969849246231156,0.8969849246231156,0.9610552763819096,0.9886934673366834,0.964824120603015,0.0,0.0,0.0,0.0,0.7360666971219735
c3692,49,0.8775510204081632,0.8775510204081632,0.8775510204081632,0.8775510204081632,0.8979591836734694,0.8979591836734694,0.8979591836734694,0.8979591836734694,0.8979591836734694,0.8979591836734694,0.8979591836734694,0.8979591836734694,0.8979591836734694,0.8775510204081632,0.8775510204081632,0.6326530612244898,1.0,0.22448979591836735,1.0,0.0,0.0,0.0,0.7365491651205937
c5328,13,1.0,1.0,1.0,1.0,1.0,1.0,1.0,1.0,1.0,1.0,1.0,1.0,1.0,1.0,1.0,0.07692307692307693,0.7692307692307693,0.38461538461538464,0.0,0.0,0.0,0.0,0.7377622377622378
c9695,43,0.8837209302325582,0.8837209302325582,0.8837209302325582,0.8837209302325582,0.8837209302325582,0.8837209302325582,0.9069767441860465,0.8837209302325582,0.9767441860465116,0.8837209302325582,0.8837209302325582,0.9767441860465116,0.8837209302325582,0.8837209302325582,0.8837209302325582,0.8837209302325582,1.0,0.8837209302325582,0.0,0.0,0.0,0.0,0.7378435517970402
c5544,98,0.8979591836734694,0.8979591836734694,0.8979591836734694,0.8979591836734694,0.8979591836734694,0.8979591836734694,0.8979591836734694,0.8979591836734694,0.9285714285714286,0.8979591836734694,0.8979591836734694,0.8979591836734694,0.8979591836734694,0.8979591836734694,0.8979591836734694,0.8979591836734694,0.9183673469387755,0.9183673469387755,0.0,0.0,0.0,0.0,0.7379406307977736
c3502,58,0.896551724137931,0.896551724137931,0.896551724137931,0.896551724137931,0.896551724137931,0.896551724137931,0.896551724137931,0.896551724137931,0.896551724137931,0.896551724137931,0.896551724137931,0.896551724137931,0.896551724137931,0.896551724137931,0.896551724137931,0.9137931034482759,1.0,0.9310344827586207,0.0,0.0,0.0,0.0,0.7405956112852664
c3460,434,0.8917050691244239,0.8917050691244239,0.8917050691244239,0.8917050691244239,0.8917050691244239,0.8917050691244239,0.8917050691244239,0.8917050691244239,0.8963133640552995,0.8917050691244239,0.8917050691244239,0.8963133640552995,0.8917050691244239,0.8917050691244239,0.8917050691244239,0.9516129032258065,1.0,0.9608294930875576,0.0,0.0,0.0,0.0,0.7407834101382489
c5008,10,0.9,0.9,0.9,0.9,0.9,0.9,0.9,0.9,0.9,0.9,0.9,0.9,0.9,0.9,0.9,0.9,1.0,0.9,0.0,0.0,0.0,0.0,0.740909090909091
c3180,80,0.9,0.9,0.9,0.9,0.9,0.9,0.9,0.9,0.9,0.9,0.9,0.9,0.9,0.9,0.9,0.9125,1.0,0.9125,0.0,0.0,0.0,0.0,0.7420454545454546
c5332,3,1.0,1.0,1.0,1.0,1.0,1.0,1.0,1.0,1.0,1.0,1.0,1.0,1.0,1.0,1.0,0.0,1.0,0.3333333333333333,0.0,0.0,0.0,0.0,0.7424242424242424
c0155,6,0.8333333333333334,0.8333333333333334,0.8333333333333334,0.8333333333333334,0.8333333333333334,0.8333333333333334,0.8333333333333334,0.8333333333333334,0.8333333333333334,0.8333333333333334,0.8333333333333334,0.8333333333333334,0.8333333333333334,0.8333333333333334,0.8333333333333334,0.8333333333333334,1.0,1.0,1.0,0.0,0.0,0.0,0.7424242424242424
c3056,41,0.9024390243902439,0.9024390243902439,0.9024390243902439,0.9024390243902439,0.9024390243902439,0.9024390243902439,0.9024390243902439,0.9024390243902439,0.9024390243902439,0.9024390243902439,0.9024390243902439,0.9024390243902439,0.9024390243902439,0.9024390243902439,0.9024390243902439,0.926829268292683,0.975609756097561,0.9024390243902439,0.0,0.0,0.0,0.0,0.7427937915742794
c1404,160,0.89375,0.89375,0.89375,0.89375,0.9,0.9,0.90625,0.9,0.9375,0.9,0.9,0.9375,0.9,0.89375,0.89375,0.9,0.99375,0.9375,0.0,0.0,0.0,0.0,0.7443181818181818
c4870,102,0.9019607843137255,0.9019607843137255,0.9019607843137255,0.9019607843137255,0.9117647058823529,0.9117647058823529,0.9117647058823529,0.9117647058823529,0.9117647058823529,0.9117647058823529,0.9117647058823529,0.9117647058823529,0.9117647058823529,0.9019607843137255,0.9019607843137255,0.8921568627450981,0.9803921568627451,0.8921568627450981,0.0,0.0,0.0,0.0,0.7446524064171123
c2276,55,0.8909090909090909,0.8909090909090909,0.8909090909090909,0.8909090909090909,0.8909090909090909,0.8909090909090909,0.9272727272727272,0.8909090909090909,1.0,0.8909090909090909,0.8909090909090909,1.0,0.8909090909090909,0.8909090909090909,0.8909090909090909,0.8909090909090909,1.0,0.8909090909090909,0.0,0.0,0.0,0.0,0.7454545454545455
c3626,366,0.9043715846994536,0.9043715846994536,0.9043715846994536,0.9043715846994536,0.9153005464480874,0.9153005464480874,0.9153005464480874,0.9153005464480874,0.9153005464480874,0.9153005464480874,0.9153005464480874,0.9153005464480874,0.9153005464480874,0.9043715846994536,0.9043715846994536,0.9043715846994536,0.953551912568306,0.9098360655737705,0.0,0.0,0.0,0.0,0.7468951813214109
c1196,41,0.926829268292683,0.926829268292683,0.926829268292683,0.926829268292683,0.926829268292683,0.926829268292683,0.975609756097561,0.926829268292683,1.0,0.926829268292683,0.926829268292683,1.0,0.926829268292683,0.926829268292683,0.926829268292683,0.7317073170731707,1.0,0.6097560975609756,0.0,0.0,0.0,0.0,0.7472283813747228
c0301,11,0.9090909090909091,0.9090909090909091,0.9090909090909091,0.9090909090909091,0.9090909090909091,0.9090909090909091,0.9090909090909091,0.9090909090909091,0.9090909090909091,0.9090909090909091,0.9090909090909091,0.9090909090909091,0.9090909090909091,0.9090909090909091,0.9090909090909091,0.9090909090909091,1.0,0.9090909090909091,0.0,0.0,0.0,0.0,0.7479338842975206
c5330,258,0.8875968992248062,0.8875968992248062,0.8875968992248062,0.8875968992248062,0.9108527131782945,0.9108527131782945,0.9108527131782945,0.9108527131782945,0.9961240310077519,0.9108527131782945,0.9108527131782945,0.9496124031007752,0.9108527131782945,0.8875968992248062,0.8875968992248062,0.9147286821705426,0.9883720930232558,0.9263565891472868,0.0,0.0,0.0,0.0,0.7489429175475687
c6436,29,1.0,1.0,1.0,1.0,1.0,1.0,1.0,1.0,1.0,1.0,1.0,1.0,1.0,1.0,1.0,0.2413793103448276,1.0,0.2413793103448276,0.0,0.0,0.0,0.0,0.7492163009404389
c3282,2,1.0,1.0,1.0,1.0,1.0,1.0,1.0,1.0,1.0,1.0,1.0,1.0,1.0,1.0,1.0,0.0,0.5,0.0,1.0,0.0,0.0,0.0,0.75
c4272,104,0.9134615384615384,0.9134615384615384,0.9134615384615384,0.9134615384615384,0.9134615384615384,0.9134615384615384,0.9134615384615384,0.9134615384615384,0.9134615384615384,0.9134615384615384,0.9134615384615384,0.9134615384615384,0.9134615384615384,0.9134615384615384,0.9134615384615384,0.9134615384615384,1.0,0.9326923076923077,0.0,0.0,0.0,0.0,0.7521853146853147
c3612,92,0.9021739130434783,0.9021739130434783,0.9021739130434783,0.9021739130434783,0.9021739130434783,0.9021739130434783,0.9130434782608695,0.9021739130434783,0.9891304347826086,0.9021739130434783,0.9021739130434783,0.9891304347826086,0.9021739130434783,0.9021739130434783,0.9021739130434783,0.9130434782608695,1.0,0.9239130434782609,0.0,0.0,0.0,0.0,0.7524703557312253
c5364,404,0.8985148514851485,0.8985148514851485,0.9034653465346535,0.9034653465346535,0.9084158415841584,0.9084158415841584,0.9084158415841584,0.9084158415841584,0.948019801980198,0.9084158415841584,0.9084158415841584,0.9108910891089109,0.9084158415841584,0.9034653465346535,0.9034653465346535,0.9752475247524752,0.9851485148514851,0.9727722772277227,0.0,0.0,0.0,0.0,0.7528127812781278
c2580,37,0.918918918918919,0.918918918918919,0.918918918918919,0.918918918918919,0.918918918918919,0.918918918918919,0.918918918918919,0.918918918918919,0.918918918918919,0.918918918918919,0.918918918918919,0.918918918918919,0.918918918918919,0.918918918918919,0.918918918918919,0.918918918918919,0.9459459459459459,0.918918918918919,0.0,0.0,0.0,0.0,0.7530712530712531
c0744,128,0.921875,0.921875,0.921875,0.921875,0.9375,0.9375,0.9375,0.9375,0.9375,0.9375,0.9375,0.9375,0.9375,0.921875,0.921875,0.765625,0.984375,0.8515625,0.0,0.0,0.0,0.0,0.7531960227272727
c9789,7,0.8571428571428571,0.8571428571428571,0.8571428571428571,0.8571428571428571,0.8571428571428571,0.8571428571428571,0.8571428571428571,0.8571428571428571,0.8571428571428571,0.8571428571428571,0.8571428571428571,0.8571428571428571,0.8571428571428571,0.8571428571428571,0.8571428571428571,0.8571428571428571,1.0,0.8571428571428571,1.0,0.0,0.0,0.0,0.7532467532467533
c4906,21,0.9047619047619048,0.9047619047619048,0.9047619047619048,0.9047619047619048,0.9047619047619048,0.9047619047619048,0.9523809523809523,0.9047619047619048,1.0,0.9047619047619048,0.9047619047619048,0.9523809523809523,0.9047619047619048,0.9047619047619048,0.9047619047619048,0.9047619047619048,1.0,0.9047619047619048,0.0,0.0,0.0,0.0,0.7532467532467533
c0756,36,0.9166666666666666,0.9166666666666666,0.9166666666666666,0.9166666666666666,0.9166666666666666,0.9166666666666666,0.9166666666666666,0.9166666666666666,0.9166666666666666,0.9166666666666666,0.9166666666666666,0.9166666666666666,0.9166666666666666,0.9166666666666666,0.9166666666666666,0.9166666666666666,1.0,0.9166666666666666,0.0,0.0,0.0,0.0,0.7537878787878788
c2286,479,0.9144050104384134,0.9144050104384134,0.9144050104384134,0.9144050104384134,0.9206680584551148,0.9206680584551148,0.9227557411273486,0.9206680584551148,0.9311064718162839,0.9206680584551148,0.9206680584551148,0.9311064718162839,0.9206680584551148,0.9144050104384134,0.9144050104384134,0.8747390396659708,0.9937369519832986,0.9269311064718163,0.0,0.0,0.0,0.0,0.7541279180110078
c1736,442,0.8959276018099548,0.8959276018099548,0.8959276018099548,0.8959276018099548,0.9230769230769231,0.9230769230769231,0.9230769230769231,0.9230769230769231,0.9321266968325792,0.9230769230769231,0.9230769230769231,0.9230769230769231,0.9230769230769231,0.8959276018099548,0.8959276018099548,0.9615384615384616,0.9751131221719457,0.9638009049773756,0.0,0.0,0.0,0.0,0.7542163718634307
c3388,209,0.9043062200956937,0.9043062200956937,0.9043062200956937,0.9043062200956937,0.9090909090909091,0.9090909090909091,0.9186602870813397,0.9090909090909091,0.9712918660287081,0.9090909090909091,0.9090909090909091,0.9665071770334929,0.9090909090909091,0.9043062200956937,0.9043062200956937,0.9138755980861244,1.0,0.9425837320574163,0.0,0.0,0.0,0.0,0.7542409743366681
c3328,52,0.9038461538461539,0.9038461538461539,0.9038461538461539,0.9038461538461539,0.9230769230769231,0.9230769230769231,0.9230769230769231,0.9230769230769231,0.9423076923076923,0.9230769230769231,0.9230769230769231,0.9423076923076923,0.9230769230769231,0.9038461538461539,0.9038461538461539,0.9230769230769231,1.0,0.9230769230769231,0.0,0.0,0.0,0.0,0.7552447552447552
c3222,81,1.0,1.0,1.0,1.0,1.0,1.0,1.0,1.0,1.0,1.0,1.0,1.0,1.0,1.0,1.0,0.2962962962962963,1.0,0.32098765432098764,0.0,0.0,0.0,0.0,0.755331088664422
c4434,165,0.9030303030303031,0.9030303030303031,0.9030303030303031,0.9030303030303031,0.9272727272727272,0.9272727272727272,0.9272727272727272,0.9272727272727272,0.9333333333333333,0.9272727272727272,0.9272727272727272,0.9333333333333333,0.9272727272727272,0.9030303030303031,0.9030303030303031,0.9212121212121213,1.0,0.9272727272727272,0.0,0.0,0.0,0.0,0.7556473829201102
c5462,11,0.9090909090909091,0.9090909090909091,0.9090909090909091,0.9090909090909091,0.9090909090909091,0.9090909090909091,0.9090909090909091,0.9090909090909091,1.0,0.9090909090909091,0.9090909090909091,1.0,0.9090909090909091,0.9090909090909091,0.9090909090909091,0.9090909090909091,1.0,0.9090909090909091,0.0,0.0,0.0,0.0,0.756198347107438
c3478,268,0.914179104477612,0.914179104477612,0.914179104477612,0.914179104477612,0.917910447761194,0.917910447761194,0.917910447761194,0.917910447761194,0.917910447761194,0.917910447761194,0.917910447761194,0.917910447761194,0.917910447761194,0.914179104477612,0.914179104477612,0.9552238805970149,0.9850746268656716,0.9626865671641791,0.0,0.0,0.0,0.0,0.7567842605156038
c5042,91,0.9230769230769231,0.9230769230769231,0.9230769230769231,0.9230769230769231,0.9230769230769231,0.9230769230769231,0.9340659340659341,0.9230769230769231,0.9340659340659341,0.9230769230769231,0.9230769230769231,0.9340659340659341,0.9230769230769231,0.9230769230769231,0.9230769230769231,0.9340659340659341,1.0,0.8571428571428571,0.0,0.0,0.0,0.0,0.7577422577422578
c0044,66,0.9242424242424242,0.9242424242424242,0.9242424242424242,0.9242424242424242,0.9242424242424242,0.9242424242424242,0.9242424242424242,0.9242424242424242,0.9545454545454546,0.9242424242424242,0.9242424242424242,0.9242424242424242,0.9242424242424242,0.9242424242424242,0.9242424242424242,0.9242424242424242,0.9393939393939394,0.9242424242424242,0.0,0.0,0.0,0.0,0.7582644628099173
c3178,157,0.9235668789808917,0.9235668789808917,0.9235668789808917,0.9235668789808917,0.9235668789808917,0.9235668789808917,0.9235668789808917,0.9235668789808917,0.9235668789808917,0.9235668789808917,0.9235668789808917,0.9235668789808917,0.9235668789808917,0.9235668789808917,0.9235668789808917,0.9171974522292994,1.0,0.9171974522292994,0.0,0.0,0.0,0.0,0.7585408222350898
c1888,13,0.9230769230769231,0.9230769230769231,0.9230769230769231,0.9230769230769231,0.9230769230769231,0.9230769230769231,0.9230769230769231,0.9230769230769231,0.9230769230769231,0.9230769230769231,0.9230769230769231,0.9230769230769231,0.9230769230769231,0.9230769230769231,0.9230769230769231,0.9230769230769231,1.0,0.9230769230769231,0.0,0.0,0.0,0.0,0.7587412587412588
c3984,13,0.9230769230769231,0.9230769230769231,0.9230769230769231,0.9230769230769231,0.9230769230769231,0.9230769230769231,0.9230769230769231,0.9230769230769231,0.9230769230769231,0.9230769230769231,0.9230769230769231,0.9230769230769231,0.9230769230769231,0.9230769230769231,0.9230769230769231,0.9230769230769231,1.0,0.9230769230769231,0.0,0.0,0.0,0.0,0.7587412587412588
c7437,216,1.0,1.0,1.0,1.0,1.0,1.0,1.0,1.0,1.0,1.0,1.0,1.0,1.0,1.0,1.0,0.3425925925925926,1.0,0.35648148148148145,0.0,0.0,0.0,0.0,0.7590488215488216
c5716,24,0.9166666666666666,0.9166666666666666,0.9166666666666666,0.9166666666666666,0.9166666666666666,0.9166666666666666,0.9166666666666666,0.9166666666666666,0.9583333333333334,0.9166666666666666,0.9166666666666666,0.9583333333333334,0.9166666666666666,0.9166666666666666,0.9166666666666666,0.9583333333333334,1.0,0.9166666666666666,0.0,0.0,0.0,0.0,0.759469696969697
c5686,170,0.9235294117647059,0.9235294117647059,0.9235294117647059,0.9235294117647059,0.9294117647058824,0.9294117647058824,0.9294117647058824,0.9294117647058824,0.9294117647058824,0.9294117647058824,0.9294117647058824,0.9294117647058824,0.9294117647058824,0.9235294117647059,0.9235294117647059,0.9235294117647059,0.9647058823529412,0.9176470588235294,0.0,0.0,0.0,0.0,0.7596256684491979
c2294,348,0.9166666666666666,0.9166666666666666,0.9166666666666666,0.9166666666666666,0.9281609195402298,0.9281609195402298,0.9281609195402298,0.9281609195402298,0.9568965517241379,0.9281609195402298,0.9281609195402298,0.9396551724137931,0.9281609195402298,0.9166666666666666,0.9166666666666666,0.9166666666666666,0.9597701149425287,0.9482758620689655,0.0,0.0,0.0,0.0,0.759926854754441
c5404,47,0.9148936170212766,0.9148936170212766,0.9148936170212766,0.9148936170212766,0.9148936170212766,0.9148936170212766,0.9148936170212766,0.9148936170212766,0.9787234042553191,0.9148936170212766,0.9148936170212766,0.9787234042553191,0.9148936170212766,0.9148936170212766,0.9148936170212766,0.9361702127659575,1.0,0.9361702127659575,0.0,0.0,0.0,0.0,0.7601547388781431
c3922,237,0.919831223628692,0.919831223628692,0.919831223628692,0.919831223628692,0.9282700421940928,0.9282700421940928,0.9282700421940928,0.9282700421940928,0.9282700421940928,0.9282700421940928,0.9282700421940928,0.9282700421940928,0.9282700421940928,0.919831223628692,0.919831223628692,0.9324894514767933,0.9915611814345991,0.9282700421940928,0.0,0.0,0.0,0.0,0.7602608362102034
c1284,224,1.0,1.0,1.0,1.0,1.0,1.0,1.0,1.0,1.0,1.0,1.0,1.0,1.0,1.0,1.0,0.36160714285714285,1.0,0.36607142857142855,0.0,0.0,0.0,0.0,0.760349025974026
c5386,104,0.9230769230769231,0.9230769230769231,0.9230769230769231,0.9230769230769231,0.9230769230769231,0.9230769230769231,0.9230769230769231,0.9230769230769231,0.9423076923076923,0.9230769230769231,0.9230769230769231,0.9423076923076923,0.9230769230769231,0.9230769230769231,0.9230769230769231,0.9230769230769231,1.0,0.9230769230769231,0.0,0.0,0.0,0.0,0.7604895104895105
c4448,229,0.9344978165938864,0.9344978165938864,0.9344978165938864,0.9344978165938864,0.9344978165938864,0.9344978165938864,0.9344978165938864,0.9344978165938864,0.9432314410480349,0.9344978165938864,0.9344978165938864,0.9432314410480349,0.9344978165938864,0.9344978165938864,0.9344978165938864,0.9213973799126638,0.9737991266375546,0.8165938864628821,0.0,0.0,0.0,0.0,0.7612147677649861
c3160,107,0.9252336448598131,0.9252336448598131,0.9252336448598131,0.9252336448598131,0.9252336448598131,0.9252336448598131,0.9252336448598131,0.9252336448598131,0.9252336448598131,0.9252336448598131,0.9252336448598131,0.9252336448598131,0.9252336448598131,0.9252336448598131,0.9252336448598131,0.9345794392523364,1.0,0.9345794392523364,0.0,0.0,0.0,0.0,0.7612574341546304
c4846,349,0.9169054441260746,0.9169054441260746,0.9169054441260746,0.9169054441260746,0.9255014326647565,0.9255014326647565,0.9255014326647565,0.9255014326647565,0.9255014326647565,0.9255014326647565,0.9255014326647565,0.9255014326647565,0.9255014326647565,0.9169054441260746,0.9169054441260746,0.9656160458452722,0.9799426934097422,0.9713467048710601,0.0,0.0,0.0,0.0,0.7612659546756968
c3390,252,0.9365079365079365,0.9365079365079365,0.9365079365079365,0.9365079365079365,0.9404761904761905,0.9404761904761905,0.9404761904761905,0.9404761904761905,0.9404761904761905,0.9404761904761905,0.9404761904761905,0.9404761904761905,0.9404761904761905,0.9365079365079365,0.9365079365079365,0.8809523809523809,0.996031746031746,0.7896825396825397,0.0,0.0,0.0,0.0,0.7613636363636364
c4284,200,0.935,0.935,0.935,0.935,0.945,0.945,0.945,0.945,0.945,0.945,0.945,0.945,0.945,0.935,0.935,0.88,1.0,0.755,0.0,0.0,0.0,0.0,0.7613636363636364
c4852,962,0.920997920997921,0.920997920997921,0.920997920997921,0.920997920997921,0.922037422037422,0.922037422037422,0.922037422037422,0.922037422037422,0.922037422037422,0.922037422037422,0.922037422037422,0.922037422037422,0.922037422037422,0.920997920997921,0.920997920997921,0.9698544698544699,0.9864864864864865,0.9781704781704782,0.0,0.0,0.0,0.0,0.7617652617652617
c5294,479,0.9269311064718163,0.9269311064718163,0.9269311064718163,0.9269311064718163,0.9311064718162839,0.9311064718162839,0.9311064718162839,0.9311064718162839,0.9311064718162839,0.9311064718162839,0.9311064718162839,0.9311064718162839,0.9311064718162839,0.9269311064718163,0.9269311064718163,0.9498956158663883,0.9519832985386222,0.9227557411273486,0.0,0.0,0.0,0.0,0.7620990700322642
c5034,74,0.9324324324324325,0.9324324324324325,0.9324324324324325,0.9324324324324325,0.9324324324324325,0.9324324324324325,0.9324324324324325,0.9324324324324325,0.9324324324324325,0.9324324324324325,0.9324324324324325,0.9324324324324325,0.9324324324324325,0.9324324324324325,0.9324324324324325,0.9459459459459459,1.0,0.8378378378378378,0.0,0.0,0.0,0.0,0.7622850122850123
c0298,167,0.9221556886227545,0.9221556886227545,0.9221556886227545,0.9221556886227545,0.9281437125748503,0.9281437125748503,0.9281437125748503,0.9281437125748503,0.9281437125748503,0.9281437125748503,0.9281437125748503,0.9281437125748503,0.9281437125748503,0.9221556886227545,0.9221556886227545,0.9461077844311377,0.9940119760479041,0.9520958083832335,0.0,0.0,0.0,0.0,0.7626565051714752
c2704,59,0.9152542372881356,0.9152542372881356,0.9152542372881356,0.9152542372881356,0.9322033898305084,0.9322033898305084,0.9322033898305084,0.9322033898305084,0.9322033898305084,0.9322033898305084,0.9322033898305084,0.9322033898305084,0.9322033898305084,0.9152542372881356,0.9152542372881356,0.9491525423728814,1.0,0.9491525423728814,0.0,0.0,0.0,0.0,0.7627118644067796
c3272,37,0.8648648648648649,0.8648648648648649,0.8648648648648649,0.8648648648648649,0.8648648648648649,0.8648648648648649,0.8648648648648649,0.8648648648648649,0.8648648648648649,0.8648648648648649,0.8648648648648649,0.8648648648648649,0.8648648648648649,0.8648648648648649,0.8648648648648649,0.918918918918919,0.972972972972973,0.918918918918919,1.0,0.0,0.0,0.0,0.7628992628992629
c3466,72,0.9305555555555556,0.9305555555555556,0.9305555555555556,0.9305555555555556,0.9305555555555556,0.9305555555555556,0.9305555555555556,0.9305555555555556,0.9583333333333334,0.9305555555555556,0.9305555555555556,0.9583333333333334,0.9305555555555556,0.9305555555555556,0.9305555555555556,0.9305555555555556,1.0,0.8472222222222222,0.0,0.0,0.0,0.0,0.7632575757575758
c5464,197,0.9187817258883249,0.9187817258883249,0.9238578680203046,0.9238578680203046,0.9238578680203046,0.9238578680203046,0.9238578680203046,0.9238578680203046,0.9543147208121827,0.9238578680203046,0.9238578680203046,0.9543147208121827,0.9238578680203046,0.9238578680203046,0.9238578680203046,0.934010152284264,0.9949238578680203,0.9543147208121827,0.0,0.0,0.0,0.0,0.7632671896631288
c4344,414,0.9106280193236715,0.9106280193236715,0.9106280193236715,0.9106280193236715,0.9347826086956522,0.9347826086956522,0.9347826086956522,0.9347826086956522,0.9347826086956522,0.9347826086956522,0.9347826086956522,0.9347826086956522,0.9347826086956522,0.9106280193236715,0.9106280193236715,0.966183574879227,0.9806763285024155,0.9685990338164251,0.0,0.0,0.0,0.0,0.7632850241545893
c2198,159,0.9433962264150944,0.9433962264150944,0.9433962264150944,0.9433962264150944,0.9433962264150944,0.9433962264150944,0.949685534591195,0.9433962264150944,0.9559748427672956,0.9433962264150944,0.9433962264150944,0.9559748427672956,0.9433962264150944,0.9433962264150944,0.9433962264150944,0.8679245283018868,1.0,0.7484276729559748,0.0,0.0,0.0,0.0,0.76357918810749
c5020,5,1.0,1.0,1.0,1.0,1.0,1.0,1.0,1.0,1.0,1.0,1.0,1.0,1.0,1.0,1.0,0.4,1.0,0.4,0.0,0.0,0.0,0.0,0.7636363636363637
c4857,265,0.9207547169811321,0.9207547169811321,0.9207547169811321,0.9207547169811321,0.9283018867924528,0.9283018867924528,0.9283018867924528,0.9283018867924528,0.9283018867924528,0.9283018867924528,0.9283018867924528,0.9283018867924528,0.9283018867924528,0.9358490566037736,0.9358490566037736,0.9509433962264151,0.9886792452830189,0.9547169811320755,0.0,0.0,0.0,0.0,0.7638078902229846
c1288,258,1.0,1.0,1.0,1.0,1.0,1.0,1.0,1.0,1.0,1.0,1.0,1.0,1.0,1.0,1.0,0.4108527131782946,1.0,0.4186046511627907,0.0,0.0,0.0,0.0,0.7649753347427766
c2216,536,0.9235074626865671,0.9235074626865671,0.9235074626865671,0.9235074626865671,0.9272388059701493,0.9272388059701493,0.9328358208955224,0.9272388059701493,0.9458955223880597,0.9272388059701493,0.9272388059701493,0.9458955223880597,0.9272388059701493,0.9235074626865671,0.9235074626865671,0.9738805970149254,0.9981343283582089,0.9365671641791045,0.0,0.0,0.0,0.0,0.7653493894165536
c3262,283,0.9257950530035336,0.9257950530035336,0.9293286219081273,0.9293286219081273,0.9363957597173145,0.9363957597173145,0.9363957597173145,0.9363957597173145,0.9434628975265018,0.9363957597173145,0.9363957597173145,0.9399293286219081,0.9363957597173145,0.9293286219081273,0.9293286219081273,0.9399293286219081,0.9681978798586572,0.9257950530035336,0.0,0.0,0.0,0.0,0.7654995181496949
c4412,135,0.9185185185185185,0.9185185185185185,0.9185185185185185,0.9185185185185185,0.9333333333333333,0.9481481481481482,0.9481481481481482,0.9481481481481482,0.9481481481481482,0.9333333333333333,0.9333333333333333,0.9481481481481482,0.9333333333333333,0.9185185185185185,0.9185185185185185,0.9259259259259259,1.0,0.9333333333333333,0.0,0.0,0.0,0.0,0.7656565656565657
c2004,64,0.921875,0.921875,0.921875,0.921875,0.9375,0.9375,0.953125,0.9375,0.96875,0.9375,0.9375,0.96875,0.9375,0.921875,0.921875,0.890625,1.0,0.921875,0.0,0.0,0.0,0.0,0.7663352272727273
c7122,22,0.5,0.5,0.5,0.5,0.7727272727272727,0.7727272727272727,0.7727272727272727,0.7727272727272727,0.7727272727272727,0.7727272727272727,0.7727272727272727,0.7727272727272727,0.7727272727272727,0.5,0.5,0.9545454545454546,1.0,0.9545454545454546,1.0,1.0,1.0,1.0,0.7665289256198347
c1756,39,0.9230769230769231,0.9230769230769231,0.9230769230769231,0.9230769230769231,0.9230769230769231,0.9230769230769231,0.9230769230769231,0.9230769230769231,1.0,0.9230769230769231,0.9230769230769231,1.0,0.9230769230769231,0.9230769230769231,0.9230769230769231,0.9487179487179487,1.0,0.9230769230769231,0.0,0.0,0.0,0.0,0.7668997668997669
c3464,635,0.9322834645669291,0.9322834645669291,0.9322834645669291,0.9322834645669291,0.9322834645669291,0.9322834645669291,0.9322834645669291,0.9322834645669291,0.9338582677165355,0.9322834645669291,0.9322834645669291,0.9338582677165355,0.9322834645669291,0.9322834645669291,0.9322834645669291,0.952755905511811,1.0,0.9496062992125984,0.0,0.0,0.0,0.0,0.7677165354330708
c1680,166,0.9096385542168675,0.9096385542168675,0.9096385542168675,0.9096385542168675,0.9397590361445783,0.9397590361445783,0.9457831325301205,0.9397590361445783,0.9698795180722891,0.9397590361445783,0.9397590361445783,0.9698795180722891,0.9397590361445783,0.9096385542168675,0.9096385542168675,0.9578313253012049,1.0,0.9578313253012049,0.0,0.0,0.0,0.0,0.7680722891566265
c5536,109,0.9357798165137615,0.9357798165137615,0.9357798165137615,0.9357798165137615,0.9357798165137615,0.9357798165137615,0.9357798165137615,0.9357798165137615,0.9357798165137615,0.9357798165137615,0.9357798165137615,0.9357798165137615,0.9357798165137615,0.9357798165137615,0.9357798165137615,0.9357798165137615,0.981651376146789,0.944954128440367,0.0,0.0,0.0,0.0,0.76814011676397
c1172,41,0.926829268292683,0.926829268292683,0.926829268292683,0.926829268292683,0.9512195121951219,0.9512195121951219,0.9512195121951219,0.9512195121951219,0.9512195121951219,0.9512195121951219,0.9512195121951219,0.9512195121951219,0.9512195121951219,0.926829268292683,0.926829268292683,0.7073170731707317,0.975609756097561,0.0975609756097561,1.0,0.0,0.0,0.0,0.7682926829268293
c3308,208,0.9326923076923077,0.9326923076923077,0.9326923076923077,0.9326923076923077,0.9326923076923077,0.9326923076923077,0.9326923076923077,0.9326923076923077,0.9326923076923077,0.9326923076923077,0.9326923076923077,0.9326923076923077,0.9326923076923077,0.9326923076923077,0.9326923076923077,0.9471153846153846,1.0,0.9759615384615384,0.0,0.0,0.0,0.0,0.7687937062937062
c1200,21,1.0,1.0,1.0,1.0,1.0,1.0,1.0,1.0,1.0,1.0,1.0,1.0,1.0,1.0,1.0,0.47619047619047616,1.0,0.47619047619047616,0.0,0.0,0.0,0.0,0.7705627705627706
c1666,137,0.9343065693430657,0.9343065693430657,0.9343065693430657,0.9343065693430657,0.9343065693430657,0.9343065693430657,0.9416058394160584,0.9343065693430657,0.9708029197080292,0.9343065693430657,0.9343065693430657,0.9708029197080292,0.9343065693430657,0.9343065693430657,0.9343065693430657,0.9416058394160584,1.0,0.9343065693430657,0.0,0.0,0.0,0.0,0.7714001327140013
c4806,279,0.931899641577061,0.931899641577061,0.931899641577061,0.931899641577061,0.9390681003584229,0.9390681003584229,0.942652329749104,0.9390681003584229,0.974910394265233,0.9390681003584229,0.9390681003584229,0.967741935483871,0.9390681003584229,0.931899641577061,0.931899641577061,0.946236559139785,0.996415770609319,0.9354838709677419,0.0,0.0,0.0,0.0,0.772238514173998
c8601,4,1.0,1.0,1.0,1.0,1.0,1.0,1.0,1.0,1.0,1.0,1.0,1.0,1.0,1.0,1.0,0.5,1.0,0.5,0.0,0.0,0.0,0.0,0.7727272727272727
c2604,1,1.0,1.0,1.0,1.0,1.0,1.0,1.0,1.0,1.0,1.0,1.0,1.0,1.0,1.0,1.0,1.0,1.0,0.0,0.0,0.0,0.0,0.0,0.7727272727272727
c1734,1,1.0,1.0,1.0,1.0,1.0,1.0,1.0,1.0,1.0,1.0,1.0,1.0,1.0,1.0,1.0,0.0,1.0,0.0,0.0,0.0,1.0,0.0,0.7727272727272727
c2406,3,1.0,1.0,1.0,1.0,1.0,1.0,1.0,1.0,1.0,1.0,1.0,1.0,1.0,1.0,1.0,0.6666666666666666,1.0,0.3333333333333333,0.0,0.0,0.0,0.0,0.7727272727272727
c0346,4,1.0,1.0,1.0,1.0,1.0,1.0,1.0,1.0,1.0,1.0,1.0,1.0,1.0,1.0,1.0,0.0,1.0,0.0,1.0,0.0,0.0,0.0,0.7727272727272727
c0447,2,1.0,1.0,1.0,1.0,1.0,1.0,1.0,1.0,1.0,1.0,1.0,1.0,1.0,1.0,1.0,0.5,1.0,0.5,0.0,0.0,0.0,0.0,0.7727272727272727
c0034,2,1.0,1.0,1.0,1.0,1.0,1.0,1.0,1.0,1.0,1.0,1.0,1.0,1.0,1.0,1.0,0.0,1.0,0.0,1.0,0.0,0.0,0.0,0.7727272727272727
c0082,36,0.9444444444444444,0.9444444444444444,0.9444444444444444,0.9444444444444444,0.9444444444444444,0.9444444444444444,0.9444444444444444,0.9444444444444444,0.9444444444444444,0.9444444444444444,0.9444444444444444,0.9444444444444444,0.9444444444444444,0.9444444444444444,0.9444444444444444,0.9444444444444444,0.9444444444444444,0.9444444444444444,0.0,0.0,0.0,0.0,0.7727272727272727
c3228,22,1.0,1.0,1.0,1.0,1.0,1.0,1.0,1.0,1.0,1.0,1.0,1.0,1.0,1.0,1.0,0.5,1.0,0.5,0.0,0.0,0.0,0.0,0.7727272727272727
c4784,1,1.0,1.0,1.0,1.0,1.0,1.0,1.0,1.0,1.0,1.0,1.0,1.0,1.0,1.0,1.0,0.0,1.0,0.0,1.0,0.0,0.0,0.0,0.7727272727272727
c8603,4,1.0,1.0,1.0,1.0,1.0,1.0,1.0,1.0,1.0,1.0,1.0,1.0,1.0,1.0,1.0,0.5,1.0,0.5,0.0,0.0,0.0,0.0,0.7727272727272727
c8135,2,1.0,1.0,1.0,1.0,1.0,1.0,1.0,1.0,1.0,1.0,1.0,1.0,1.0,1.0,1.0,1.0,1.0,0.0,0.0,0.0,0.0,0.0,0.7727272727272727
c4276,48,0.9375,0.9375,0.9375,0.9375,0.9375,0.9375,0.9375,0.9375,0.9583333333333334,0.9375,0.9375,0.9583333333333334,0.9375,0.9375,0.9375,0.9375,1.0,0.9583333333333334,0.0,0.0,0.0,0.0,0.7727272727272727
c3924,69,0.9420289855072463,0.9420289855072463,0.9420289855072463,0.9420289855072463,0.9420289855072463,0.9420289855072463,0.9420289855072463,0.9420289855072463,0.9420289855072463,0.9420289855072463,0.9420289855072463,0.9420289855072463,0.9420289855072463,0.9420289855072463,0.9420289855072463,0.9420289855072463,1.0,0.9420289855072463,0.0,0.0,0.0,0.0,0.7733860342555995
c3240,104,0.9326923076923077,0.9326923076923077,0.9326923076923077,0.9326923076923077,0.9519230769230769,0.9519230769230769,0.9519230769230769,0.9519230769230769,0.9519230769230769,0.9519230769230769,0.9519230769230769,0.9519230769230769,0.9519230769230769,0.9326923076923077,0.9326923076923077,0.9326923076923077,0.9903846153846154,0.9326923076923077,0.0,0.0,0.0,0.0,0.7736013986013986
c4802,204,0.9313725490196079,0.9313725490196079,0.9313725490196079,0.9313725490196079,0.9313725490196079,0.9313725490196079,0.9362745098039216,0.9313725490196079,0.9754901960784313,0.9313725490196079,0.9313725490196079,0.9705882352941176,0.9313725490196079,0.9313725490196079,0.9313725490196079,0.9705882352941176,1.0,0.9901960784313726,0.0,0.0,0.0,0.0,0.7736185383244206
c5310,291,1.0,1.0,1.0,1.0,1.0,1.0,1.0,1.0,1.0,1.0,1.0,1.0,1.0,1.0,1.0,0.5567010309278351,0.979381443298969,0.4845360824742268,0.0,0.0,0.0,0.0,0.7736644798500468
c5584,197,0.9441624365482234,0.9441624365482234,0.9441624365482234,0.9441624365482234,0.9441624365482234,0.9441624365482234,0.9441624365482234,0.9441624365482234,0.9441624365482234,0.9441624365482234,0.9441624365482234,0.9441624365482234,0.9441624365482234,0.9441624365482234,0.9441624365482234,0.9441624365482234,0.9847715736040609,0.9441624365482234,0.0,0.0,0.0,0.0,0.7743424088601754
c2190,136,0.9338235294117647,0.9338235294117647,0.9338235294117647,0.9338235294117647,0.9411764705882353,0.9411764705882353,0.9485294117647058,0.9411764705882353,0.9852941176470589,0.9411764705882353,0.9411764705882353,0.9852941176470589,0.9411764705882353,0.9338235294117647,0.9338235294117647,0.9411764705882353,1.0,0.9485294117647058,0.0,0.0,0.0,0.0,0.7754010695187166
c1750,133,0.9398496240601504,0.9398496240601504,0.9398496240601504,0.9398496240601504,0.9473684210526315,0.9473684210526315,0.9473684210526315,0.9473684210526315,0.9473684210526315,0.9473684210526315,0.9473684210526315,0.9473684210526315,0.9473684210526315,0.9398496240601504,0.9398496240601504,0.9473684210526315,1.0,0.9548872180451128,0.0,0.0,0.0,0.0,0.7758031442241968
c0012,408,0.9436274509803921,0.9436274509803921,0.9436274509803921,0.9436274509803921,0.9583333333333334,0.9583333333333334,0.9583333333333334,0.9583333333333334,0.9583333333333334,0.9583333333333334,0.9583333333333334,0.9583333333333334,0.9583333333333334,0.9436274509803921,0.9436274509803921,0.9411764705882353,0.9950980392156863,0.8774509803921569,0.0,0.0,0.0,0.0,0.777295008912656
c2264,769,1.0,1.0,1.0,1.0,1.0,1.0,1.0,1.0,1.0,1.0,1.0,1.0,1.0,1.0,1.0,0.7984395318595578,0.7269180754226268,0.5812743823146944,0.0,0.0,0.0,0.0,0.7775741813453126
c0157,117,0.9401709401709402,0.9401709401709402,0.9401709401709402,0.9401709401709402,0.9401709401709402,0.9401709401709402,0.9658119658119658,0.9401709401709402,1.0,0.9401709401709402,0.9401709401709402,1.0,0.9401709401709402,0.9401709401709402,0.9401709401709402,0.9316239316239316,1.0,0.9401709401709402,0.0,0.0,0.0,0.0,0.7781662781662781
c3788,606,0.9504950495049505,0.9504950495049505,0.9504950495049505,0.9504950495049505,0.9521452145214522,0.9521452145214522,0.9521452145214522,0.9521452145214522,0.9521452145214522,0.9521452145214522,0.9521452145214522,0.9521452145214522,0.9521452145214522,0.9504950495049505,0.9504950495049505,0.9554455445544554,0.966996699669967,0.9570957095709571,0.0,0.0,0.0,0.0,0.7796279627962797
c1744,144,0.9513888888888888,0.9513888888888888,0.9513888888888888,0.9513888888888888,0.9513888888888888,0.9513888888888888,0.9513888888888888,0.9513888888888888,0.9513888888888888,0.9513888888888888,0.9513888888888888,0.9513888888888888,0.9513888888888888,0.9513888888888888,0.9513888888888888,0.9513888888888888,1.0,0.9305555555555556,0.0,0.0,0.0,0.0,0.7796717171717171
c3942,309,0.9546925566343042,0.9546925566343042,0.9546925566343042,0.9546925566343042,0.9546925566343042,0.9546925566343042,0.9546925566343042,0.9546925566343042,0.9546925566343042,0.9546925566343042,0.9546925566343042,0.9546925566343042,0.9546925566343042,0.9546925566343042,0.9546925566343042,0.9514563106796117,0.9935275080906149,0.889967637540453,0.0,0.0,0.0,0.0,0.7797881729920565
c0507,19,0.6842105263157895,0.6842105263157895,0.6842105263157895,0.6842105263157895,0.6842105263157895,0.6842105263157895,0.6842105263157895,0.6842105263157895,0.6842105263157895,0.6842105263157895,0.6842105263157895,0.6842105263157895,0.6842105263157895,0.6842105263157895,0.6842105263157895,0.9473684210526315,1.0,0.9473684210526315,1.0,1.0,1.0,1.0,0.7799043062200957
c0296,203,0.9458128078817734,0.9458128078817734,0.9458128078817734,0.9458128078817734,0.9556650246305419,0.9556650246305419,0.9556650246305419,0.9556650246305419,0.9556650246305419,0.9556650246305419,0.9556650246305419,0.9556650246305419,0.9556650246305419,0.9458128078817734,0.9458128078817734,0.9507389162561576,0.9852216748768473,0.9507389162561576,0.0,0.0,0.0,0.0,0.7801164352888491
c3102,43,0.9534883720930233,0.9534883720930233,0.9534883720930233,0.9534883720930233,0.9534883720930233,0.9534883720930233,0.9534883720930233,0.9534883720930233,0.9534883720930233,0.9534883720930233,0.9534883720930233,0.9534883720930233,0.9534883720930233,0.9534883720930233,0.9534883720930233,0.9302325581395349,0.9767441860465116,0.9534883720930233,0.0,0.0,0.0,0.0,0.7801268498942917
c5268,103,0.9514563106796117,0.9514563106796117,0.9514563106796117,0.9514563106796117,0.9514563106796117,0.9514563106796117,0.9514563106796117,0.9514563106796117,0.9514563106796117,0.9514563106796117,0.9514563106796117,0.9514563106796117,0.9514563106796117,0.9514563106796117,0.9514563106796117,0.9514563106796117,0.9902912621359223,0.9514563106796117,0.0,0.0,0.0,0.0,0.7802294792586054
c3800,524,0.9522900763358778,0.9522900763358778,0.9522900763358778,0.9522900763358778,0.9522900763358778,0.9522900763358778,0.9522900763358778,0.9522900763358778,0.9522900763358778,0.9522900763358778,0.9522900763358778,0.9522900763358778,0.9522900763358778,0.9522900763358778,0.9522900763358778,0.9522900763358778,0.9770992366412213,0.9541984732824428,0.0,0.0,0.0,0.0,0.7803608605135323
c4834,106,0.9528301886792453,0.9528301886792453,0.9528301886792453,0.9528301886792453,0.9528301886792453,0.9528301886792453,0.9528301886792453,0.9528301886792453,0.9716981132075472,0.9528301886792453,0.9528301886792453,0.9528301886792453,0.9528301886792453,0.9528301886792453,0.9528301886792453,0.9528301886792453,0.9716981132075472,0.9433962264150944,0.0,0.0,0.0,0.0,0.7808747855917667
c5174,189,0.9470899470899471,0.9470899470899471,0.9470899470899471,0.9470899470899471,0.9470899470899471,0.9470899470899471,0.9470899470899471,0.9470899470899471,0.9947089947089947,0.9470899470899471,0.9470899470899471,0.9947089947089947,0.9470899470899471,0.9470899470899471,0.9470899470899471,0.9417989417989417,1.0,0.9417989417989417,0.0,0.0,0.0,0.0,0.7811447811447811
c1207,5,1.0,1.0,1.0,1.0,1.0,1.0,1.0,1.0,1.0,1.0,1.0,1.0,1.0,1.0,1.0,0.8,0.6,0.8,0.0,0.0,0.0,0.0,0.7818181818181819
c0864,10,0.9,0.9,0.9,0.9,0.9,0.9,0.9,0.9,0.9,0.9,0.9,0.9,0.9,0.9,0.9,0.9,0.9,0.9,0.0,0.0,1.0,0.0,0.7818181818181819
c4522,5,1.0,1.0,1.0,1.0,1.0,1.0,1.0,1.0,1.0,1.0,1.0,1.0,1.0,1.0,1.0,0.6,1.0,0.6,0.0,0.0,0.0,0.0,0.7818181818181819
c1362,92,0.9456521739130435,0.9456521739130435,0.9456521739130435,0.9456521739130435,0.9456521739130435,0.9456521739130435,0.9565217391304348,0.9456521739130435,0.9891304347826086,0.9456521739130435,0.9456521739130435,0.9891304347826086,0.9456521739130435,0.9456521739130435,0.9456521739130435,0.9565217391304348,1.0,0.967391304347826,0.0,0.0,0.0,0.0,0.7821146245059288
c3728,272,0.9522058823529411,0.9522058823529411,0.9522058823529411,0.9522058823529411,0.9522058823529411,0.9522058823529411,0.9522058823529411,0.9522058823529411,0.9558823529411765,0.9522058823529411,0.9522058823529411,0.9522058823529411,0.9522058823529411,0.9558823529411765,0.9558823529411765,0.9595588235294118,0.9963235294117647,0.9595588235294118,0.0,0.0,0.0,0.0,0.7822526737967914
c1602,324,0.9567901234567902,0.9567901234567902,0.9567901234567902,0.9567901234567902,0.9598765432098766,0.9598765432098766,0.9598765432098766,0.9598765432098766,0.9814814814814815,0.9598765432098766,0.9598765432098766,0.9753086419753086,0.9598765432098766,0.9567901234567902,0.9567901234567902,0.9351851851851852,0.9969135802469136,0.8611111111111112,0.0,0.0,0.0,0.0,0.7822671156004489
c5754,150,0.9533333333333334,0.9533333333333334,0.9533333333333334,0.9533333333333334,0.96,0.96,0.96,0.96,0.96,0.96,0.96,0.96,0.96,0.9533333333333334,0.9533333333333334,0.96,1.0,0.9066666666666666,0.0,0.0,0.0,0.0,0.7830303030303031
c4872,86,0.9534883720930233,0.9534883720930233,0.9534883720930233,0.9534883720930233,0.9534883720930233,0.9534883720930233,0.9534883720930233,0.9534883720930233,0.9534883720930233,0.9534883720930233,0.9534883720930233,0.9534883720930233,0.9534883720930233,0.9534883720930233,0.9534883720930233,0.9651162790697675,1.0,0.9651162790697675,0.0,0.0,0.0,0.0,0.7832980972515856
c0401,352,0.9545454545454546,0.9545454545454546,0.9545454545454546,0.9545454545454546,0.9545454545454546,0.9545454545454546,0.9573863636363636,0.9545454545454546,0.9573863636363636,0.9545454545454546,0.9545454545454546,0.9573863636363636,0.9545454545454546,0.9545454545454546,0.9545454545454546,0.9545454545454546,1.0,0.9517045454545454,0.0,0.0,0.0,0.0,0.7833161157024794
c0760,268,0.9514925373134329,0.9514925373134329,0.9514925373134329,0.9514925373134329,0.9514925373134329,0.9514925373134329,0.9552238805970149,0.9514925373134329,0.9776119402985075,0.9514925373134329,0.9514925373134329,0.9776119402985075,0.9514925373134329,0.9514925373134329,0.9514925373134329,0.9514925373134329,1.0,0.9552238805970149,0.0,0.0,0.0,0.0,0.7834124830393487
c5226,67,0.9552238805970149,0.9552238805970149,0.9552238805970149,0.9552238805970149,0.9552238805970149,0.9552238805970149,0.9552238805970149,0.9552238805970149,0.9552238805970149,0.9552238805970149,0.9552238805970149,0.9552238805970149,0.9552238805970149,0.9552238805970149,0.9552238805970149,0.9552238805970149,1.0,0.9552238805970149,0.0,0.0,0.0,0.0,0.7835820895522388
c5372,505,0.9207920792079208,0.9207920792079208,0.9207920792079208,0.9207920792079208,0.9762376237623762,0.9762376237623762,0.9762376237623762,0.9762376237623762,0.9762376237623762,0.9762376237623762,0.9762376237623762,0.9762376237623762,0.9762376237623762,0.9207920792079208,0.9207920792079208,0.9702970297029703,0.9881188118811881,0.9702970297029703,0.0,0.0,0.0,0.0,0.7836183618361836
c4832,307,0.9543973941368078,0.9543973941368078,0.9543973941368078,0.9543973941368078,0.9576547231270358,0.9576547231270358,0.9576547231270358,0.9576547231270358,0.9576547231270358,0.9576547231270358,0.9576547231270358,0.9576547231270358,0.9576547231270358,0.9543973941368078,0.9543973941368078,0.9576547231270358,0.9771986970684039,0.9641693811074918,0.0,0.0,0.0,0.0,0.7838318033757773
c4810,515,0.9533980582524272,0.9533980582524272,0.9533980582524272,0.9533980582524272,0.9553398058252427,0.9553398058252427,0.9553398058252427,0.9553398058252427,0.9553398058252427,0.9553398058252427,0.9553398058252427,0.9553398058252427,0.9553398058252427,0.9533980582524272,0.9533980582524272,0.970873786407767,0.9941747572815534,0.9631067961165048,0.0,0.0,0.0,0.0,0.783936451897617
c3254,264,0.9545454545454546,0.9545454545454546,0.9545454545454546,0.9545454545454546,0.9583333333333334,0.9583333333333334,0.9621212121212122,0.9583333333333334,0.9659090909090909,0.9583333333333334,0.9583333333333334,0.9659090909090909,0.9583333333333334,0.9545454545454546,0.9545454545454546,0.9545454545454546,0.9696969696969697,0.9545454545454546,0.0,0.0,0.0,0.0,0.7840909090909091
c3908,103,0.9514563106796117,0.9514563106796117,0.9514563106796117,0.9514563106796117,0.9514563106796117,0.9514563106796117,0.9514563106796117,0.9514563106796117,0.9805825242718447,0.9514563106796117,0.9514563106796117,0.9805825242718447,0.9514563106796117,0.9514563106796117,0.9514563106796117,0.9514563106796117,1.0,0.970873786407767,0.0,0.0,0.0,0.0,0.7842012356575463
c1358,217,0.9539170506912442,0.9539170506912442,0.9539170506912442,0.9539170506912442,0.9539170506912442,0.9539170506912442,0.9539170506912442,0.9539170506912442,0.967741935483871,0.9539170506912442,0.9539170506912442,0.967741935483871,0.9539170506912442,0.9539170506912442,0.9539170506912442,0.967741935483871,1.0,0.9539170506912442,0.0,0.0,0.0,0.0,0.7844574780058651
c5282,255,0.9568627450980393,0.9568627450980393,0.9568627450980393,0.9568627450980393,0.9568627450980393,0.9568627450980393,0.9568627450980393,0.9568627450980393,0.9568627450980393,0.9568627450980393,0.9568627450980393,0.9568627450980393,0.9568627450980393,0.9568627450980393,0.9568627450980393,0.9607843137254902,0.9921568627450981,0.9607843137254902,0.0,0.0,0.0,0.0,0.7848484848484848
c5214,231,0.9567099567099567,0.9567099567099567,0.9567099567099567,0.9567099567099567,0.9567099567099567,0.9567099567099567,0.9567099567099567,0.9567099567099567,0.9567099567099567,0.9567099567099567,0.9567099567099567,0.9567099567099567,0.9567099567099567,0.9567099567099567,0.9567099567099567,0.961038961038961,1.0,0.961038961038961,0.0,0.0,0.0,0.0,0.7851239669421488
c4498,95,0.9578947368421052,0.9578947368421052,0.9578947368421052,0.9578947368421052,0.9578947368421052,0.9578947368421052,0.9578947368421052,0.9578947368421052,0.9578947368421052,0.9578947368421052,0.9578947368421052,0.9578947368421052,0.9578947368421052,0.9578947368421052,0.9578947368421052,0.9578947368421052,1.0,0.9578947368421052,0.0,0.0,0.0,0.0,0.785645933014354
c5572,214,0.9579439252336449,0.9579439252336449,0.9579439252336449,0.9579439252336449,0.9579439252336449,0.9579439252336449,0.9579439252336449,0.9579439252336449,0.9579439252336449,0.9579439252336449,0.9579439252336449,0.9579439252336449,0.9579439252336449,0.9579439252336449,0.9579439252336449,0.9626168224299065,0.985981308411215,0.9719626168224299,0.0,0.0,0.0,0.0,0.7858963466440102
c0922,94,0.9574468085106383,0.9574468085106383,0.9574468085106383,0.9574468085106383,0.9574468085106383,0.9574468085106383,0.9574468085106383,0.9574468085106383,0.9680851063829787,0.9574468085106383,0.9574468085106383,0.9680851063829787,0.9574468085106383,0.9574468085106383,0.9574468085106383,0.9574468085106383,1.0,0.9574468085106383,0.0,0.0,0.0,0.0,0.7862669245647969
c1068,43,0.8837209302325582,0.8837209302325582,0.8837209302325582,0.8837209302325582,0.8837209302325582,0.8837209302325582,0.9302325581395349,0.8837209302325582,1.0,0.8837209302325582,0.8837209302325582,0.9534883720930233,0.8837209302325582,0.8837209302325582,0.8837209302325582,0.9302325581395349,0.9767441860465116,0.9069767441860465,1.0,0.0,0.0,0.0,0.7864693446088795
c3998,349,0.9541547277936963,0.9541547277936963,0.9541547277936963,0.9541547277936963,0.9627507163323782,0.9627507163323782,0.9627507163323782,0.9627507163323782,0.9627507163323782,0.9627507163323782,0.9627507163323782,0.9627507163323782,0.9627507163323782,0.9541547277936963,0.9541547277936963,0.9570200573065902,1.0,0.9570200573065902,0.0,0.0,0.0,0.0,0.7865329512893983
c0224,409,0.9535452322738386,0.9535452322738386,0.9535452322738386,0.9535452322738386,0.960880195599022,0.960880195599022,0.960880195599022,0.960880195599022,0.960880195599022,0.960880195599022,0.960880195599022,0.960880195599022,0.960880195599022,0.9535452322738386,0.9535452322738386,0.9657701711491442,1.0,0.9731051344743277,0.0,0.0,0.0,0.0,0.7867303845298955
c2882,231,0.9567099567099567,0.9567099567099567,0.9567099567099567,0.9567099567099567,0.961038961038961,0.961038961038961,0.961038961038961,0.961038961038961,0.961038961038961,0.961038961038961,0.961038961038961,0.961038961038961,0.961038961038961,0.9567099567099567,0.9567099567099567,0.961038961038961,1.0,0.961038961038961,0.0,0.0,0.0,0.0,0.7868949232585596
c1210,304,0.9605263157894737,0.9605263157894737,0.9605263157894737,0.9605263157894737,0.9736842105263158,0.9736842105263158,0.9736842105263158,0.9736842105263158,0.9769736842105263,0.9736842105263158,0.9736842105263158,0.9736842105263158,0.9736842105263158,0.9605263157894737,0.9605263157894737,0.9375,0.9901315789473685,0.8552631578947368,0.0,0.0,0.0,0.0,0.7869318181818182
c2250,66,0.9545454545454546,0.9545454545454546,0.9545454545454546,0.9545454545454546,0.9696969696969697,0.9696969696969697,0.9696969696969697,0.9696969696969697,0.9696969696969697,0.9696969696969697,0.9696969696969697,0.9696969696969697,0.9696969696969697,0.9545454545454546,0.9545454545454546,0.9393939393939394,0.9848484848484849,0.9393939393939394,0.0,0.0,0.0,0.0,0.7871900826446281
c5596,229,0.9563318777292577,0.9563318777292577,0.9563318777292577,0.9563318777292577,0.9563318777292577,0.9563318777292577,0.9563318777292577,0.9563318777292577,0.982532751091703,0.9563318777292577,0.9563318777292577,0.982532751091703,0.9563318777292577,0.9563318777292577,0.9563318777292577,0.9781659388646288,1.0,0.9563318777292577,0.0,0.0,0.0,0.0,0.7878126240571656
c3850,9,1.0,1.0,1.0,1.0,1.0,1.0,1.0,1.0,1.0,1.0,1.0,1.0,1.0,1.0,1.0,0.7777777777777778,1.0,0.5555555555555556,0.0,0.0,0.0,0.0,0.7878787878787878
c0503,104,0.9615384615384616,0.9615384615384616,0.9615384615384616,0.9615384615384616,0.9615384615384616,0.9615384615384616,0.9615384615384616,0.9615384615384616,0.9615384615384616,0.9615384615384616,0.9615384615384616,0.9615384615384616,0.9615384615384616,0.9615384615384616,0.9615384615384616,0.9615384615384616,1.0,0.9615384615384616,0.0,0.0,0.0,0.0,0.7884615384615384
c3816,271,0.966789667896679,0.966789667896679,0.966789667896679,0.966789667896679,0.9704797047970479,0.9704797047970479,0.9704797047970479,0.9704797047970479,0.988929889298893,0.9704797047970479,0.9704797047970479,0.985239852398524,0.9704797047970479,0.966789667896679,0.966789667896679,0.9298892988929889,1.0,0.8487084870848709,0.0,0.0,0.0,0.0,0.7884937940288493
c3898,339,0.9616519174041298,0.9616519174041298,0.9616519174041298,0.9616519174041298,0.9616519174041298,0.9616519174041298,0.9616519174041298,0.9616519174041298,0.9616519174041298,0.9616519174041298,0.9616519174041298,0.9616519174041298,0.9616519174041298,0.9616519174041298,0.9616519174041298,0.9587020648967551,1.0,0.9646017699115044,0.0,0.0,0.0,0.0,0.7885492089031912
c1896,155,0.9612903225806452,0.9612903225806452,0.9612903225806452,0.9612903225806452,0.9612903225806452,0.9612903225806452,0.9612903225806452,0.9612903225806452,0.9612903225806452,0.9612903225806452,0.9612903225806452,0.9612903225806452,0.9612903225806452,0.9612903225806452,0.9612903225806452,0.9612903225806452,1.0,0.967741935483871,0.0,0.0,0.0,0.0,0.7885630498533724
c3300,907,0.9503858875413451,0.9503858875413451,0.9503858875413451,0.9503858875413451,0.9658213891951488,0.9658213891951488,0.9658213891951488,0.9658213891951488,0.9669239250275634,0.9658213891951488,0.9658213891951488,0.9669239250275634,0.9658213891951488,0.9503858875413451,0.9503858875413451,0.9735391400220507,0.9966923925027563,0.9845644983461963,0.0,0.0,0.0,0.0,0.7887140422972837
c3158,217,0.9585253456221198,0.9585253456221198,0.9585253456221198,0.9585253456221198,0.967741935483871,0.967741935483871,0.967741935483871,0.967741935483871,0.967741935483871,0.967741935483871,0.967741935483871,0.967741935483871,0.967741935483871,0.9585253456221198,0.9585253456221198,0.9585253456221198,0.9815668202764977,0.9539170506912442,0.0,0.0,0.0,0.0,0.7888563049853372
c3290,191,0.9581151832460733,0.9581151832460733,0.9581151832460733,0.9581151832460733,0.9633507853403142,0.9633507853403142,0.9633507853403142,0.9633507853403142,0.9633507853403142,0.9633507853403142,0.9633507853403142,0.9633507853403142,0.9633507853403142,0.9581151832460733,0.9581151832460733,0.9633507853403142,1.0,0.9738219895287958,0.0,0.0,0.0,0.0,0.7889100428367444
c0956,379,0.9604221635883905,0.9604221635883905,0.9604221635883905,0.9604221635883905,0.9630606860158312,0.9630606860158312,0.9630606860158312,0.9630606860158312,0.9630606860158312,0.9630606860158312,0.9630606860158312,0.9630606860158312,0.9630606860158312,0.9604221635883905,0.9604221635883905,0.9683377308707124,1.0,0.9604221635883905,0.0,0.0,0.0,0.0,0.7890381386423603
c1228,200,0.96,0.96,0.96,0.96,0.965,0.965,0.965,0.965,0.965,0.965,0.965,0.965,0.965,0.96,0.96,0.96,0.995,0.96,0.0,0.0,0.0,0.0,0.7890909090909091
c9763,11,0.9090909090909091,0.9090909090909091,0.9090909090909091,0.9090909090909091,0.9090909090909091,0.9090909090909091,0.9090909090909091,0.9090909090909091,0.9090909090909091,0.9090909090909091,0.9090909090909091,0.9090909090909091,0.9090909090909091,0.9090909090909091,0.9090909090909091,0.9090909090909091,1.0,0.8181818181818182,1.0,0.0,0.0,0.0,0.7892561983471075
c1064,48,0.9583333333333334,0.9583333333333334,0.9583333333333334,0.9583333333333334,0.9583333333333334,0.9583333333333334,0.9583333333333334,0.9583333333333334,1.0,0.9583333333333334,0.9583333333333334,1.0,0.9583333333333334,0.9583333333333334,0.9583333333333334,0.9583333333333334,1.0,0.9583333333333334,0.0,0.0,0.0,0.0,0.7897727272727273
c5190,629,0.9650238473767886,0.9650238473767886,0.9650238473767886,0.9650238473767886,0.9682034976152624,0.9682034976152624,0.9682034976152624,0.9682034976152624,0.9682034976152624,0.9682034976152624,0.9682034976152624,0.9682034976152624,0.9682034976152624,0.9650238473767886,0.9650238473767886,0.9570747217806042,0.9904610492845787,0.9252782193958664,0.0,0.0,0.0,0.0,0.7898540251481428
c4798,424,0.9551886792452831,0.9551886792452831,0.9551886792452831,0.9551886792452831,0.9693396226415094,0.9693396226415094,0.9693396226415094,0.9693396226415094,0.9693396226415094,0.9693396226415094,0.9693396226415094,0.9693396226415094,0.9693396226415094,0.9551886792452831,0.9551886792452831,0.964622641509434,0.9976415094339622,0.9740566037735849,0.0,0.0,0.0,0.0,0.7905231560891939
c3330,5,1.0,1.0,1.0,1.0,1.0,1.0,1.0,1.0,1.0,1.0,1.0,1.0,1.0,1.0,1.0,0.2,1.0,0.2,1.0,0.0,0.0,0.0,0.7909090909090909
c4538,117,1.0,1.0,1.0,1.0,1.0,1.0,1.0,1.0,1.0,1.0,1.0,1.0,1.0,1.0,1.0,0.8290598290598291,0.9658119658119658,0.6153846153846154,0.0,0.0,0.0,0.0,0.7913752913752914
c0048,173,0.9653179190751445,0.9653179190751445,0.9653179190751445,0.9653179190751445,0.9653179190751445,0.9653179190751445,0.9653179190751445,0.9653179190751445,0.9653179190751445,0.9653179190751445,0.9653179190751445,0.9653179190751445,0.9653179190751445,0.9653179190751445,0.9653179190751445,0.9653179190751445,0.9942196531791907,0.9710982658959537,0.0,0.0,0.0,0.0,0.791382028376248
c4800,262,0.9656488549618321,0.9656488549618321,0.9656488549618321,0.9656488549618321,0.9656488549618321,0.9656488549618321,0.9656488549618321,0.9656488549618321,0.9656488549618321,0.9656488549618321,0.9656488549618321,0.9656488549618321,0.9656488549618321,0.9656488549618321,0.9656488549618321,0.9656488549618321,1.0,0.9694656488549618,0.0,0.0,0.0,0.0,0.7918112421929215
c4274,254,0.9645669291338582,0.9645669291338582,0.9645669291338582,0.9645669291338582,0.9645669291338582,0.9645669291338582,0.9645669291338582,0.9645669291338582,0.9763779527559056,0.9645669291338582,0.9645669291338582,0.9763779527559056,0.9645669291338582,0.9645669291338582,0.9645669291338582,0.968503937007874,0.9960629921259843,0.968503937007874,0.0,0.0,0.0,0.0,0.7920544022906227
c4848,389,0.9640102827763496,0.9640102827763496,0.9640102827763496,0.9640102827763496,0.9640102827763496,0.9640102827763496,0.9640102827763496,0.9640102827763496,0.9768637532133676,0.9640102827763496,0.9640102827763496,0.9768637532133676,0.9640102827763496,0.9640102827763496,0.9640102827763496,0.9665809768637532,0.9974293059125964,0.9768637532133676,0.0,0.0,0.0,0.0,0.7921243281140453
c9875,319,0.9623824451410659,0.9623824451410659,0.9623824451410659,0.9623824451410659,0.9623824451410659,0.9686520376175548,0.9686520376175548,0.9686520376175548,0.9686520376175548,0.9623824451410659,0.9623824451410659,0.9686520376175548,0.9623824451410659,0.9623824451410659,0.9623824451410659,0.9843260188087775,1.0,0.987460815047022,0.0,0.0,0.0,0.0,0.792675976061556
c2144,25,0.96,0.96,0.96,0.96,0.96,0.96,1.0,0.96,1.0,0.96,0.96,1.0,0.96,0.96,0.96,0.96,1.0,0.96,0.0,0.0,0.0,0.0,0.7927272727272727
c5460,35,0.9714285714285714,0.9714285714285714,0.9714285714285714,0.9714285714285714,0.9714285714285714,0.9714285714285714,0.9714285714285714,0.9714285714285714,0.9714285714285714,0.9714285714285714,0.9714285714285714,0.9714285714285714,0.9714285714285714,0.9714285714285714,0.9714285714285714,0.9428571428571428,1.0,0.9428571428571428,0.0,0.0,0.0,0.0,0.7935064935064935
c3480,753,0.9681274900398407,0.9681274900398407,0.9681274900398407,0.9681274900398407,0.9694555112881806,0.9694555112881806,0.9694555112881806,0.9694555112881806,0.9694555112881806,0.9694555112881806,0.9694555112881806,0.9694555112881806,0.9694555112881806,0.9681274900398407,0.9681274900398407,0.9747675962815405,0.9827357237715804,0.9774236387782205,0.0,0.0,0.0,0.0,0.7940359773029095
c4884,123,0.967479674796748,0.967479674796748,0.967479674796748,0.967479674796748,0.967479674796748,0.967479674796748,0.967479674796748,0.967479674796748,0.975609756097561,0.967479674796748,0.967479674796748,0.975609756097561,0.967479674796748,0.967479674796748,0.967479674796748,0.975609756097561,1.0,0.975609756097561,0.0,0.0,0.0,0.0,0.7945306725794531
c4886,231,0.9696969696969697,0.9696969696969697,0.9696969696969697,0.9696969696969697,0.9696969696969697,0.9696969696969697,0.9696969696969697,0.9696969696969697,0.9696969696969697,0.9696969696969697,0.9696969696969697,0.9696969696969697,0.9696969696969697,0.9696969696969697,0.9696969696969697,0.974025974025974,0.987012987012987,0.974025974025974,0.0,0.0,0.0,0.0,0.79456906729634
c3818,418,0.9688995215311005,0.9688995215311005,0.9688995215311005,0.9688995215311005,0.9688995215311005,0.9688995215311005,0.9688995215311005,0.9688995215311005,0.9736842105263158,0.9688995215311005,0.9688995215311005,0.9688995215311005,0.9688995215311005,0.9688995215311005,0.9688995215311005,0.9760765550239234,0.9880382775119617,0.9808612440191388,0.0,0.0,0.0,0.0,0.7946933449325794
c2242,226,0.9690265486725663,0.9690265486725663,0.9690265486725663,0.9690265486725663,0.9690265486725663,0.9690265486725663,0.9690265486725663,0.9690265486725663,0.9778761061946902,0.9690265486725663,0.9690265486725663,0.9778761061946902,0.9690265486725663,0.9690265486725663,0.9690265486725663,0.9646017699115044,1.0,0.9734513274336283,0.0,0.0,0.0,0.0,0.7950522928399034
c3494,4,0.75,0.75,0.75,0.75,0.75,0.75,0.75,0.75,0.75,0.75,0.75,0.75,0.75,0.75,0.75,0.75,0.75,0.75,1.0,1.0,1.0,1.0,0.7954545454545454
c3274,4,0.75,0.75,0.75,0.75,0.75,0.75,0.75,0.75,0.75,0.75,0.75,0.75,0.75,0.75,0.75,0.75,0.75,0.75,1.0,1.0,1.0,1.0,0.7954545454545454
c4350,221,0.9728506787330317,0.9728506787330317,0.9728506787330317,0.9728506787330317,0.9728506787330317,0.9728506787330317,0.9728506787330317,0.9728506787330317,0.9864253393665159,0.9728506787330317,0.9728506787330317,0.9864253393665159,0.9728506787330317,0.9728506787330317,0.9728506787330317,0.9457013574660633,1.0,0.9411764705882353,0.0,0.0,0.0,0.0,0.7957630604689429
c5198,297,0.9696969696969697,0.9696969696969697,0.9696969696969697,0.9696969696969697,0.9696969696969697,0.9696969696969697,0.9696969696969697,0.9696969696969697,0.9865319865319865,0.9696969696969697,0.9696969696969697,0.9865319865319865,0.9696969696969697,0.9696969696969697,0.9696969696969697,0.9696969696969697,1.0,0.9730639730639731,0.0,0.0,0.0,0.0,0.7964493419038874
c0121,588,0.9710884353741497,0.9710884353741497,0.9710884353741497,0.9710884353741497,0.9710884353741497,0.9727891156462585,0.9727891156462585,0.9710884353741497,0.9727891156462585,0.9710884353741497,0.9710884353741497,0.9727891156462585,0.9710884353741497,0.9710884353741497,0.9710884353741497,0.9829931972789115,0.9812925170068028,0.9863945578231292,0.0,0.0,0.0,0.0,0.7965367965367965
c2270,362,0.9723756906077348,0.9723756906077348,0.9723756906077348,0.9723756906077348,0.9723756906077348,0.9723756906077348,0.9834254143646409,0.9723756906077348,0.994475138121547,0.9723756906077348,0.9723756906077348,0.994475138121547,0.9723756906077348,0.9723756906077348,0.9723756906077348,0.9281767955801105,1.0,0.9585635359116023,0.0,0.0,0.0,0.0,0.7967101958814666
c3608,504,0.9761904761904762,0.9761904761904762,0.9781746031746031,0.9781746031746031,0.9781746031746031,0.9781746031746031,0.9781746031746031,0.9781746031746031,0.9781746031746031,0.9781746031746031,0.9781746031746031,0.9781746031746031,0.9781746031746031,0.9781746031746031,0.9781746031746031,0.9603174603174603,0.9900793650793651,0.9126984126984127,0.0,0.0,0.0,0.0,0.7968975468975469
c1290,476,0.9726890756302521,0.9726890756302521,0.9726890756302521,0.9726890756302521,0.9726890756302521,0.9726890756302521,0.9726890756302521,0.9726890756302521,0.9831932773109243,0.9726890756302521,0.9726890756302521,0.976890756302521,0.9726890756302521,0.9726890756302521,0.9726890756302521,0.9726890756302521,0.9873949579831933,0.9684873949579832,0.0,0.0,0.0,0.0,0.7969824293353706
c4482,119,1.0,1.0,1.0,1.0,1.0,1.0,1.0,1.0,1.0,1.0,1.0,1.0,1.0,1.0,1.0,0.8571428571428571,1.0,0.680672268907563,0.0,0.0,0.0,0.0,0.7971734148204737
c3520,524,0.9713740458015268,0.9713740458015268,0.9713740458015268,0.9713740458015268,0.9751908396946565,0.9751908396946565,0.9751908396946565,0.9751908396946565,0.9751908396946565,0.9751908396946565,0.9751908396946565,0.9751908396946565,0.9751908396946565,0.9713740458015268,0.9713740458015268,0.9713740458015268,0.9942748091603053,0.9732824427480916,0.0,0.0,0.0,0.0,0.7974496877168633
c4524,66,0.9545454545454546,0.9545454545454546,0.9545454545454546,0.9545454545454546,0.9545454545454546,0.9545454545454546,0.9545454545454546,0.9545454545454546,0.9545454545454546,0.9545454545454546,0.9545454545454546,0.9545454545454546,0.9545454545454546,0.9545454545454546,0.9545454545454546,0.8181818181818182,0.9696969696969697,0.4393939393939394,1.0,0.0,0.0,0.0,0.7975206611570248
c1302,77,0.974025974025974,0.974025974025974,0.974025974025974,0.974025974025974,0.974025974025974,0.974025974025974,0.974025974025974,0.974025974025974,0.987012987012987,0.974025974025974,0.974025974025974,0.987012987012987,0.974025974025974,0.974025974025974,0.974025974025974,0.974025974025974,1.0,0.948051948051948,0.0,0.0,0.0,0.0,0.7981109799291618
c5410,347,0.9711815561959655,0.9711815561959655,0.9711815561959655,0.9711815561959655,0.9798270893371758,0.9798270893371758,0.9798270893371758,0.9798270893371758,0.9798270893371758,0.9798270893371758,0.9798270893371758,0.9798270893371758,0.9798270893371758,0.9711815561959655,0.9711815561959655,0.9711815561959655,0.9769452449567724,0.9711815561959655,0.0,0.0,0.0,0.0,0.7984018862981399
c0037,53,0.9622641509433962,0.9622641509433962,0.9622641509433962,0.9622641509433962,0.9811320754716981,0.9811320754716981,0.9811320754716981,0.9811320754716981,1.0,0.9811320754716981,0.9811320754716981,1.0,0.9811320754716981,0.9622641509433962,0.9622641509433962,0.9622641509433962,1.0,0.9622641509433962,0.0,0.0,0.0,0.0,0.7984562607204116
c1070,702,0.9700854700854701,0.9700854700854701,0.9700854700854701,0.9700854700854701,0.9757834757834758,0.9757834757834758,0.9757834757834758,0.9757834757834758,0.9757834757834758,0.9757834757834758,0.9757834757834758,0.9757834757834758,0.9757834757834758,0.9700854700854701,0.9700854700854701,0.9871794871794872,1.0,0.9786324786324786,0.0,0.0,0.0,0.0,0.7985625485625486
c5490,247,0.9757085020242915,0.9757085020242915,0.9757085020242915,0.9757085020242915,0.9757085020242915,0.9757085020242915,0.9757085020242915,0.9757085020242915,0.979757085020243,0.9757085020242915,0.9757085020242915,0.9757085020242915,0.9757085020242915,0.9757085020242915,0.9757085020242915,0.9757085020242915,0.9919028340080972,0.9757085020242915,0.0,0.0,0.0,0.0,0.7992270887007729
c0035,460,0.967391304347826,0.967391304347826,0.967391304347826,0.967391304347826,0.9782608695652174,0.9782608695652174,0.9804347826086957,0.9782608695652174,0.9804347826086957,0.9782608695652174,0.9782608695652174,0.9804347826086957,0.9782608695652174,0.967391304347826,0.967391304347826,0.9826086956521739,1.0,0.9891304347826086,0.0,0.0,0.0,0.0,0.799407114624506
c1298,5,0.8,0.8,0.8,0.8,0.8,0.8,0.8,0.8,0.8,0.8,0.8,0.8,0.8,0.8,0.8,0.8,1.0,0.8,1.0,0.0,1.0,1.0,0.8
c0758,368,0.9755434782608695,0.9755434782608695,0.9755434782608695,0.9755434782608695,0.9782608695652174,0.9782608695652174,0.9782608695652174,0.9782608695652174,0.9782608695652174,0.9782608695652174,0.9782608695652174,0.9782608695652174,0.9782608695652174,0.9755434782608695,0.9755434782608695,0.9755434782608695,0.9972826086956522,0.9782608695652174,0.0,0.0,0.0,0.0,0.8003952569169961
c3926,45,0.9777777777777777,0.9777777777777777,0.9777777777777777,0.9777777777777777,0.9777777777777777,0.9777777777777777,0.9777777777777777,0.9777777777777777,0.9777777777777777,0.9777777777777777,0.9777777777777777,0.9777777777777777,0.9777777777777777,0.9777777777777777,0.9777777777777777,0.9777777777777777,1.0,0.9777777777777777,0.0,0.0,0.0,0.0,0.8010101010101011
c5652,50,0.98,0.98,0.98,0.98,0.98,0.98,0.98,0.98,0.98,0.98,0.98,0.98,0.98,0.98,0.98,0.98,0.98,0.98,0.0,0.0,0.0,0.0,0.8018181818181818
c3768,226,0.9778761061946902,0.9778761061946902,0.9778761061946902,0.9778761061946902,0.9778761061946902,0.9778761061946902,0.9778761061946902,0.9778761061946902,0.9867256637168141,0.9778761061946902,0.9778761061946902,0.9867256637168141,0.9778761061946902,0.9778761061946902,0.9778761061946902,0.9778761061946902,1.0,0.9778761061946902,0.0,0.0,0.0,0.0,0.8018905872888173
c5338,466,0.9785407725321889,0.9785407725321889,0.9785407725321889,0.9785407725321889,0.9785407725321889,0.9785407725321889,0.9785407725321889,0.9785407725321889,0.98068669527897,0.9785407725321889,0.9785407725321889,0.98068669527897,0.9785407725321889,0.9785407725321889,0.9785407725321889,0.9785407725321889,1.0,0.9828326180257511,0.0,0.0,0.0,0.0,0.8019898556379244
c0342,200,0.98,0.98,0.98,0.98,0.98,0.98,0.98,0.98,0.98,0.98,0.98,0.98,0.98,0.98,0.98,0.98,1.0,0.965,0.0,0.0,0.0,0.0,0.8020454545454545
c4278,229,0.9781659388646288,0.9781659388646288,0.9781659388646288,0.9781659388646288,0.9781659388646288,0.9781659388646288,0.9781659388646288,0.9781659388646288,0.9868995633187773,0.9781659388646288,0.9781659388646288,0.982532751091703,0.9781659388646288,0.9781659388646288,0.9781659388646288,0.9781659388646288,1.0,0.9868995633187773,0.0,0.0,0.0,0.0,0.8023025009924574
c2614,322,0.9751552795031055,0.9751552795031055,0.9751552795031055,0.9751552795031055,0.984472049689441,0.984472049689441,0.984472049689441,0.984472049689441,0.984472049689441,0.984472049689441,0.984472049689441,0.984472049689441,0.984472049689441,0.9751552795031055,0.9751552795031055,0.9751552795031055,0.9906832298136646,0.9782608695652174,0.0,0.0,0.0,0.0,0.8025127046866177
c4090,67,0.9850746268656716,0.9850746268656716,0.9850746268656716,0.9850746268656716,0.9850746268656716,0.9850746268656716,0.9850746268656716,0.9850746268656716,0.9850746268656716,0.9850746268656716,0.9850746268656716,0.9850746268656716,0.9850746268656716,0.9850746268656716,0.9850746268656716,0.9402985074626866,1.0,0.9402985074626866,0.0,0.0,0.0,0.0,0.8025780189959294
c0894,721,0.9819694868238558,0.9819694868238558,0.9819694868238558,0.9819694868238558,0.9819694868238558,0.9819694868238558,0.9819694868238558,0.9819694868238558,0.9819694868238558,0.9819694868238558,0.9819694868238558,0.9819694868238558,0.9819694868238558,0.9819694868238558,0.9819694868238558,0.9778085991678225,0.9944521497919556,0.9625520110957004,0.0,0.0,0.0,0.0,0.8029252301096961
c3186,256,0.9765625,0.9765625,0.9765625,0.9765625,0.984375,0.984375,0.984375,0.984375,0.98828125,0.984375,0.984375,0.98828125,0.984375,0.9765625,0.9765625,0.98046875,1.0,0.98046875,0.0,0.0,0.0,0.0,0.8039772727272727
c3136,495,0.9818181818181818,0.9818181818181818,0.9818181818181818,0.9818181818181818,0.9818181818181818,0.9818181818181818,0.9818181818181818,0.9818181818181818,0.9818181818181818,0.9818181818181818,0.9818181818181818,0.9818181818181818,0.9818181818181818,0.9818181818181818,0.9818181818181818,0.9838383838383838,1.0,0.9858585858585859,0.0,0.0,0.0,0.0,0.8044077134986226
c5204,393,0.9821882951653944,0.9821882951653944,0.9821882951653944,0.9821882951653944,0.9821882951653944,0.9821882951653944,0.9821882951653944,0.9821882951653944,0.9821882951653944,0.9821882951653944,0.9821882951653944,0.9821882951653944,0.9821882951653944,0.9821882951653944,0.9821882951653944,0.9821882951653944,1.0,0.9847328244274809,0.0,0.0,0.0,0.0,0.8045338885033542
c1374,50,0.98,0.98,0.98,0.98,0.98,0.98,0.98,0.98,1.0,0.98,0.98,1.0,0.98,0.98,0.98,0.98,1.0,0.98,0.0,0.0,0.0,0.0,0.8045454545454546
c0004,10,1.0,1.0,1.0,1.0,1.0,1.0,1.0,1.0,1.0,1.0,1.0,1.0,1.0,1.0,1.0,0.8,1.0,0.9,0.0,0.0,0.0,0.0,0.8045454545454546
c4352,240,1.0,1.0,1.0,1.0,1.0,1.0,1.0,1.0,1.0,1.0,1.0,1.0,1.0,1.0,1.0,0.8916666666666667,0.9958333333333333,0.8125,0.0,0.0,0.0,0.0,0.8045454545454546
c3708,327,1.0,1.0,1.0,1.0,1.0,1.0,1.0,1.0,1.0,1.0,1.0,1.0,1.0,1.0,1.0,0.8837920489296636,1.0,0.8165137614678899,0.0,0.0,0.0,0.0,0.8045593550180706
c3182,234,0.9829059829059829,0.9829059829059829,0.9829059829059829,0.9829059829059829,0.9829059829059829,0.9829059829059829,0.9829059829059829,0.9829059829059829,0.9829059829059829,0.9829059829059829,0.9829059829059829,0.9829059829059829,0.9829059829059829,0.9829059829059829,0.9829059829059829,0.9786324786324786,1.0,0.9829059829059829,0.0,0.0,0.0,0.0,0.8047785547785548
c0404,113,0.9823008849557522,0.9823008849557522,0.9823008849557522,0.9823008849557522,0.9823008849557522,0.9823008849557522,0.9823008849557522,0.9823008849557522,1.0,0.9823008849557522,0.9823008849557522,1.0,0.9823008849557522,0.9823008849557522,0.9823008849557522,0.9734513274336283,1.0,0.9823008849557522,0.0,0.0,0.0,0.0,0.8057119871279164
c0440,11,0.7272727272727273,0.7272727272727273,0.7272727272727273,0.7272727272727273,0.7272727272727273,0.7272727272727273,0.7272727272727273,0.7272727272727273,0.7272727272727273,0.7272727272727273,0.7272727272727273,0.7272727272727273,0.7272727272727273,0.7272727272727273,0.7272727272727273,0.9090909090909091,1.0,0.9090909090909091,1.0,1.0,1.0,1.0,0.8057851239669421
c9787,288,0.9826388888888888,0.9826388888888888,0.9826388888888888,0.9826388888888888,0.9861111111111112,0.9861111111111112,0.9861111111111112,0.9861111111111112,0.9861111111111112,0.9861111111111112,0.9861111111111112,0.9861111111111112,0.9861111111111112,0.9826388888888888,0.9826388888888888,0.9791666666666666,1.0,0.9791666666666666,0.0,0.0,0.0,0.0,0.8058712121212122
c3746,335,0.982089552238806,0.982089552238806,0.982089552238806,0.982089552238806,0.982089552238806,0.982089552238806,0.9880597014925373,0.982089552238806,1.0,0.982089552238806,0.982089552238806,1.0,0.982089552238806,0.982089552238806,0.982089552238806,0.982089552238806,1.0,0.9791044776119403,0.0,0.0,0.0,0.0,0.8061058344640434
c3894,333,0.9819819819819819,0.9819819819819819,0.9819819819819819,0.9819819819819819,0.984984984984985,0.984984984984985,0.984984984984985,0.984984984984985,0.993993993993994,0.984984984984985,0.984984984984985,0.993993993993994,0.984984984984985,0.9819819819819819,0.9819819819819819,0.9819819819819819,1.0,0.9819819819819819,0.0,0.0,0.0,0.0,0.8063063063063063
c0177,785,0.9847133757961783,0.9847133757961783,0.9847133757961783,0.9847133757961783,0.9847133757961783,0.9847133757961783,0.9859872611464968,0.9847133757961783,0.9923566878980892,0.9847133757961783,0.9847133757961783,0.9898089171974522,0.9847133757961783,0.9847133757961783,0.9847133757961783,0.9834394904458599,1.0,0.9732484076433121,0.0,0.0,0.0,0.0,0.8064273306311522
c9757,124,0.9838709677419355,0.9838709677419355,0.9838709677419355,0.9838709677419355,0.9838709677419355,0.9838709677419355,0.9838709677419355,0.9838709677419355,0.9919354838709677,0.9838709677419355,0.9838709677419355,0.9919354838709677,0.9838709677419355,0.9838709677419355,0.9838709677419355,0.9838709677419355,1.0,0.9838709677419355,0.0,0.0,0.0,0.0,0.8064516129032258
c3806,415,0.980722891566265,0.980722891566265,0.980722891566265,0.980722891566265,0.9879518072289156,0.9879518072289156,0.9879518072289156,0.9879518072289156,0.9903614457831326,0.9879518072289156,0.9879518072289156,0.9903614457831326,0.9879518072289156,0.980722891566265,0.980722891566265,0.980722891566265,1.0,0.983132530120482,0.0,0.0,0.0,0.0,0.8065717415115006
c0041,334,0.9850299401197605,0.9850299401197605,0.9850299401197605,0.9850299401197605,0.9850299401197605,0.9850299401197605,0.9910179640718563,0.9850299401197605,0.9970059880239521,0.9850299401197605,0.9850299401197605,0.9970059880239521,0.9850299401197605,0.9850299401197605,0.9850299401197605,0.9760479041916168,1.0,0.9670658682634731,0.0,0.0,0.0,0.0,0.8067501360914534
c2544,277,0.9855595667870036,0.9855595667870036,0.9855595667870036,0.9855595667870036,0.9855595667870036,0.9855595667870036,0.9855595667870036,0.9855595667870036,0.9855595667870036,0.9855595667870036,0.9855595667870036,0.9855595667870036,0.9855595667870036,0.9855595667870036,0.9855595667870036,0.9855595667870036,1.0,0.9855595667870036,0.0,0.0,0.0,0.0,0.8070233016081392
c2856,377,0.986737400530504,0.986737400530504,0.986737400530504,0.986737400530504,0.986737400530504,0.986737400530504,0.986737400530504,0.986737400530504,0.986737400530504,0.986737400530504,0.986737400530504,0.986737400530504,0.986737400530504,0.986737400530504,0.986737400530504,0.986737400530504,1.0,0.986737400530504,0.0,0.0,0.0,0.0,0.8079334458644803
c2710,312,0.9871794871794872,0.9871794871794872,0.9871794871794872,0.9871794871794872,0.9871794871794872,0.9871794871794872,0.9871794871794872,0.9871794871794872,0.9871794871794872,0.9871794871794872,0.9871794871794872,0.9871794871794872,0.9871794871794872,0.9871794871794872,0.9871794871794872,0.9871794871794872,1.0,0.9871794871794872,0.0,0.0,0.0,0.0,0.8082750582750583
c4918,14,0.9285714285714286,0.9285714285714286,0.9285714285714286,0.9285714285714286,0.9285714285714286,0.9285714285714286,0.9285714285714286,0.9285714285714286,0.9285714285714286,0.9285714285714286,0.9285714285714286,0.9285714285714286,0.9285714285714286,0.9285714285714286,0.9285714285714286,0.9285714285714286,1.0,0.9285714285714286,1.0,0.0,0.0,0.0,0.8084415584415584
c0351,56,0.9285714285714286,0.9285714285714286,0.9285714285714286,0.9285714285714286,0.9285714285714286,0.9285714285714286,0.9285714285714286,0.9285714285714286,0.9285714285714286,0.9285714285714286,0.9285714285714286,0.9285714285714286,0.9285714285714286,0.9285714285714286,0.9285714285714286,0.9285714285714286,1.0,0.9285714285714286,1.0,0.0,0.0,0.0,0.8084415584415584
c4300,528,1.0,1.0,1.0,1.0,1.0,1.0,1.0,1.0,1.0,1.0,1.0,1.0,1.0,1.0,1.0,0.9261363636363636,0.9962121212121212,0.8731060606060606,0.0,0.0,0.0,0.0,0.8088842975206612
c4128,549,0.9890710382513661,0.9890710382513661,0.9890710382513661,0.9890710382513661,0.9890710382513661,0.9890710382513661,0.9890710382513661,0.9890710382513661,0.9908925318761385,0.9890710382513661,0.9890710382513661,0.9908925318761385,0.9890710382513661,0.9890710382513661,0.9890710382513661,0.970856102003643,1.0,0.9927140255009107,0.0,0.0,0.0,0.0,0.8092399403874814
c0410,112,1.0,1.0,1.0,1.0,1.0,1.0,1.0,1.0,1.0,1.0,1.0,1.0,1.0,1.0,1.0,0.9196428571428571,0.9910714285714286,0.8928571428571429,0.0,0.0,0.0,0.0,0.8092532467532467
c5548,31,0.9032258064516129,0.9032258064516129,0.967741935483871,0.967741935483871,0.9032258064516129,0.9032258064516129,0.9032258064516129,0.9032258064516129,0.9354838709677419,0.9032258064516129,0.9032258064516129,0.9354838709677419,0.9032258064516129,0.967741935483871,0.967741935483871,0.967741935483871,1.0,0.967741935483871,0.0,0.0,1.0,0.0,0.8093841642228738
c0748,12,1.0,1.0,1.0,1.0,1.0,1.0,1.0,1.0,1.0,1.0,1.0,1.0,1.0,1.0,1.0,0.9166666666666666,1.0,0.9166666666666666,0.0,0.0,0.0,0.0,0.8106060606060606
c5252,296,1.0,1.0,1.0,1.0,1.0,1.0,1.0,1.0,1.0,1.0,1.0,1.0,1.0,1.0,1.0,0.918918918918919,1.0,0.918918918918919,0.0,0.0,0.0,0.0,0.8108108108108109
c3694,574,1.0,1.0,1.0,1.0,1.0,1.0,1.0,1.0,1.0,1.0,1.0,1.0,1.0,1.0,1.0,0.945993031358885,0.9912891986062717,0.9128919860627178,0.0,0.0,0.0,0.0,0.8113715552739943
c3352,42,0.9285714285714286,0.9285714285714286,0.9285714285714286,0.9285714285714286,0.9285714285714286,0.9285714285714286,0.9285714285714286,0.9285714285714286,0.9285714285714286,0.9285714285714286,0.9285714285714286,0.9285714285714286,0.9285714285714286,0.9285714285714286,0.9285714285714286,0.9761904761904762,0.9761904761904762,0.9761904761904762,1.0,0.0,0.0,0.0,0.8116883116883117
c4814,22,0.7272727272727273,0.7272727272727273,0.7272727272727273,0.7272727272727273,0.7727272727272727,0.7727272727272727,0.7727272727272727,0.7727272727272727,0.7727272727272727,0.7727272727272727,0.7727272727272727,0.7727272727272727,0.7727272727272727,0.7272727272727273,0.7272727272727273,0.8636363636363636,0.8181818181818182,0.8636363636363636,1.0,1.0,1.0,1.0,0.8119834710743802
c2858,409,0.9926650366748166,0.9926650366748166,0.9926650366748166,0.9926650366748166,0.9926650366748166,0.9926650366748166,0.9926650366748166,0.9926650366748166,0.9926650366748166,0.9926650366748166,0.9926650366748166,0.9926650366748166,0.9926650366748166,0.9926650366748166,0.9926650366748166,0.9877750611246944,1.0,0.9877750611246944,0.0,0.0,0.0,0.0,0.8120693487441654
c5786,736,0.9918478260869565,0.9918478260869565,0.9918478260869565,0.9918478260869565,0.9945652173913043,0.9945652173913043,0.9945652173913043,0.9945652173913043,0.9945652173913043,0.9945652173913043,0.9945652173913043,0.9945652173913043,0.9945652173913043,0.9918478260869565,0.9918478260869565,0.9809782608695652,1.0,0.9904891304347826,0.0,0.0,0.0,0.0,0.8124382411067194
c5562,64,1.0,1.0,1.0,1.0,1.0,1.0,1.0,1.0,1.0,1.0,1.0,1.0,1.0,1.0,1.0,0.9375,1.0,0.9375,0.0,0.0,0.0,0.0,0.8125
c3417,18,1.0,1.0,1.0,1.0,1.0,1.0,1.0,1.0,1.0,1.0,1.0,1.0,1.0,1.0,1.0,0.9444444444444444,1.0,0.9444444444444444,0.0,0.0,0.0,0.0,0.8131313131313131
c4908,133,1.0,1.0,1.0,1.0,1.0,1.0,1.0,1.0,1.0,1.0,1.0,1.0,1.0,1.0,1.0,0.9548872180451128,0.9924812030075187,0.9473684210526315,0.0,0.0,0.0,0.0,0.8133971291866029
c3862,200,1.0,1.0,1.0,1.0,1.0,1.0,1.0,1.0,1.0,1.0,1.0,1.0,1.0,1.0,1.0,0.95,1.0,0.945,0.0,0.0,0.0,0.0,0.8134090909090909
c8567,61,1.0,1.0,1.0,1.0,1.0,1.0,1.0,1.0,1.0,1.0,1.0,1.0,1.0,1.0,1.0,0.45901639344262296,1.0,0.4426229508196721,0.0,0.0,1.0,0.0,0.8137108792846498
c0844,26,1.0,1.0,1.0,1.0,1.0,1.0,1.0,1.0,1.0,1.0,1.0,1.0,1.0,1.0,1.0,0.9615384615384616,1.0,0.9615384615384616,0.0,0.0,0.0,0.0,0.8146853146853147
c0080,1104,1.0,1.0,1.0,1.0,1.0,1.0,1.0,1.0,1.0,1.0,1.0,1.0,1.0,1.0,1.0,0.9728260869565217,0.9963768115942029,0.9565217391304348,0.0,0.0,0.0,0.0,0.8148056653491436
c4454,14,1.0,1.0,1.0,1.0,1.0,1.0,1.0,1.0,1.0,1.0,1.0,1.0,1.0,1.0,1.0,1.0,0.9285714285714286,1.0,0.0,0.0,0.0,0.0,0.814935064935065
c0071,32,1.0,1.0,1.0,1.0,1.0,1.0,1.0,1.0,1.0,1.0,1.0,1.0,1.0,1.0,1.0,0.96875,1.0,0.96875,0.0,0.0,0.0,0.0,0.8153409090909091
c3718,44,1.0,1.0,1.0,1.0,1.0,1.0,1.0,1.0,1.0,1.0,1.0,1.0,1.0,1.0,1.0,0.9772727272727273,1.0,0.9772727272727273,0.0,0.0,0.0,0.0,0.8161157024793388
c0982,66,1.0,1.0,1.0,1.0,1.0,1.0,1.0,1.0,1.0,1.0,1.0,1.0,1.0,1.0,1.0,0.9696969696969697,1.0,0.9848484848484849,0.0,0.0,0.0,0.0,0.8161157024793388
c3756,188,1.0,1.0,1.0,1.0,1.0,1.0,1.0,1.0,1.0,1.0,1.0,1.0,1.0,1.0,1.0,0.9787234042553191,0.9946808510638298,0.9840425531914894,0.0,0.0,0.0,0.0,0.816247582205029
c5202,563,1.0,1.0,1.0,1.0,1.0,1.0,1.0,1.0,1.0,1.0,1.0,1.0,1.0,1.0,1.0,0.9804618117229129,0.9982238010657194,0.9804618117229129,0.0,0.0,0.0,0.0,0.816324882932343
c7665,57,1.0,1.0,1.0,1.0,1.0,1.0,1.0,1.0,1.0,1.0,1.0,1.0,1.0,1.0,1.0,0.9824561403508771,1.0,0.9824561403508771,0.0,0.0,0.0,0.0,0.8165869218500797
c5430,369,1.0,1.0,1.0,1.0,1.0,1.0,1.0,1.0,1.0,1.0,1.0,1.0,1.0,1.0,1.0,0.983739837398374,1.0,0.983739837398374,0.0,0.0,0.0,0.0,0.8167036215816703
c2700,1,1.0,1.0,1.0,1.0,1.0,1.0,1.0,1.0,1.0,1.0,1.0,1.0,1.0,1.0,1.0,0.0,1.0,0.0,0.0,1.0,0.0,1.0,0.8181818181818182
c2160,1,1.0,1.0,1.0,1.0,1.0,1.0,1.0,1.0,1.0,1.0,1.0,1.0,1.0,1.0,1.0,0.0,1.0,0.0,0.0,1.0,0.0,1.0,0.8181818181818182
c3492,1,1.0,1.0,1.0,1.0,1.0,1.0,1.0,1.0,1.0,1.0,1.0,1.0,1.0,1.0,1.0,1.0,1.0,1.0,0.0,0.0,0.0,0.0,0.8181818181818182
c4208,3,1.0,1.0,1.0,1.0,1.0,1.0,1.0,1.0,1.0,1.0,1.0,1.0,1.0,1.0,1.0,1.0,1.0,1.0,0.0,0.0,0.0,0.0,0.8181818181818182
c2402,2,1.0,1.0,1.0,1.0,1.0,1.0,1.0,1.0,1.0,1.0,1.0,1.0,1.0,1.0,1.0,0.0,1.0,1.0,1.0,0.0,0.0,0.0,0.8181818181818182
c2398,2,1.0,1.0,1.0,1.0,1.0,1.0,1.0,1.0,1.0,1.0,1.0,1.0,1.0,1.0,1.0,0.0,1.0,1.0,1.0,0.0,0.0,0.0,0.8181818181818182
c0328,37,0.9459459459459459,0.9459459459459459,0.9459459459459459,0.9459459459459459,0.9459459459459459,0.9459459459459459,0.9459459459459459,0.9459459459459459,0.9459459459459459,0.9459459459459459,0.9459459459459459,0.9459459459459459,0.9459459459459459,0.9459459459459459,0.9459459459459459,0.9459459459459459,1.0,0.9459459459459459,1.0,0.0,0.0,0.0,0.8218673218673219
c5208,65,0.9538461538461539,0.9538461538461539,0.9538461538461539,0.9538461538461539,0.9538461538461539,0.9538461538461539,0.9538461538461539,0.9538461538461539,0.9538461538461539,0.9538461538461539,0.9538461538461539,0.9538461538461539,0.9538461538461539,0.9538461538461539,0.9538461538461539,0.9538461538461539,1.0,0.9538461538461539,1.0,0.0,0.0,0.0,0.827972027972028
c4892,3,1.0,1.0,1.0,1.0,1.0,1.0,1.0,1.0,1.0,1.0,1.0,1.0,1.0,1.0,1.0,0.6666666666666666,1.0,0.6666666666666666,0.0,0.0,1.0,0.0,0.8333333333333334
c0620,6,1.0,1.0,1.0,1.0,1.0,1.0,1.0,1.0,1.0,1.0,1.0,1.0,1.0,1.0,1.0,0.16666666666666666,1.0,0.16666666666666666,0.0,0.0,1.0,1.0,0.8333333333333334
c5340,3,1.0,1.0,1.0,1.0,1.0,1.0,1.0,1.0,1.0,1.0,1.0,1.0,1.0,1.0,1.0,0.6666666666666666,1.0,0.6666666666666666,1.0,0.0,0.0,0.0,0.8333333333333334
c0412,9,0.7777777777777778,0.7777777777777778,0.7777777777777778,0.7777777777777778,0.7777777777777778,0.7777777777777778,0.7777777777777778,0.7777777777777778,0.7777777777777778,0.7777777777777778,0.7777777777777778,0.7777777777777778,0.7777777777777778,0.7777777777777778,0.7777777777777778,0.8888888888888888,1.0,0.8888888888888888,1.0,1.0,1.0,1.0,0.8383838383838383
c0417,52,0.9615384615384616,0.9615384615384616,0.9615384615384616,0.9615384615384616,0.9615384615384616,0.9615384615384616,0.9807692307692307,0.9615384615384616,1.0,0.9615384615384616,0.9615384615384616,1.0,0.9615384615384616,0.9615384615384616,0.9615384615384616,0.9615384615384616,1.0,1.0,1.0,0.0,0.0,0.0,0.840034965034965
c0152,69,0.9710144927536232,0.9710144927536232,0.9710144927536232,0.9710144927536232,0.9710144927536232,0.9710144927536232,0.9710144927536232,0.9710144927536232,0.9710144927536232,0.9710144927536232,0.9710144927536232,0.9710144927536232,0.9710144927536232,0.9710144927536232,0.9710144927536232,0.9710144927536232,1.0,0.9710144927536232,1.0,0.0,0.0,0.0,0.8412384716732543
c4420,7,1.0,1.0,1.0,1.0,1.0,1.0,1.0,1.0,1.0,1.0,1.0,1.0,1.0,1.0,1.0,0.0,0.42857142857142855,0.14285714285714285,1.0,0.0,1.0,1.0,0.8441558441558441
c1236,5,1.0,1.0,1.0,1.0,1.0,1.0,1.0,1.0,1.0,1.0,1.0,1.0,1.0,1.0,1.0,0.8,1.0,0.8,1.0,0.0,0.0,0.0,0.8454545454545455
c2052,3,1.0,1.0,1.0,1.0,1.0,1.0,1.0,1.0,1.0,1.0,1.0,1.0,1.0,1.0,1.0,1.0,1.0,0.6666666666666666,0.0,0.0,1.0,0.0,0.8484848484848485
c2178,52,0.9807692307692307,0.9807692307692307,0.9807692307692307,0.9807692307692307,0.9807692307692307,0.9807692307692307,0.9807692307692307,0.9807692307692307,1.0,0.9807692307692307,0.9807692307692307,1.0,0.9807692307692307,0.9807692307692307,0.9807692307692307,0.9807692307692307,1.0,0.9807692307692307,0.0,1.0,0.0,0.0,0.8505244755244755
c1892,160,0.975,0.975,0.975,0.975,0.99375,0.99375,0.99375,0.99375,0.99375,0.99375,0.99375,0.99375,0.99375,0.975,0.975,0.96875,0.98125,0.975,1.0,0.0,0.0,0.0,0.8508522727272727
c2901,52,1.0,1.0,1.0,1.0,1.0,1.0,1.0,1.0,1.0,1.0,1.0,1.0,1.0,1.0,1.0,0.8846153846153846,1.0,0.8461538461538461,0.0,0.0,1.0,0.0,0.8513986013986014
c2022,4,0.75,0.75,0.75,0.75,0.75,0.75,0.75,0.75,1.0,0.75,0.75,1.0,0.75,0.75,0.75,1.0,1.0,1.0,1.0,1.0,1.0,1.0,0.8522727272727273
c8473,8,1.0,1.0,1.0,1.0,1.0,1.0,1.0,1.0,1.0,1.0,1.0,1.0,1.0,1.0,1.0,0.875,1.0,1.0,0.0,0.0,0.0,1.0,0.8579545454545454
c0498,1,1.0,1.0,1.0,1.0,1.0,1.0,1.0,1.0,1.0,1.0,1.0,1.0,1.0,1.0,1.0,0.0,1.0,1.0,0.0,1.0,0.0,1.0,0.8636363636363636
c4778,1,1.0,1.0,1.0,1.0,1.0,1.0,1.0,1.0,1.0,1.0,1.0,1.0,1.0,1.0,1.0,0.0,1.0,0.0,0.0,1.0,1.0,1.0,0.8636363636363636
c0292,2,1.0,1.0,1.0,1.0,1.0,1.0,1.0,1.0,1.0,1.0,1.0,1.0,1.0,1.0,1.0,0.5,1.0,0.5,0.0,1.0,0.0,1.0,0.8636363636363636
c2926,1,1.0,1.0,1.0,1.0,1.0,1.0,1.0,1.0,1.0,1.0,1.0,1.0,1.0,1.0,1.0,0.0,1.0,0.0,0.0,1.0,1.0,1.0,0.8636363636363636
c4598,6,0.8333333333333334,0.8333333333333334,0.8333333333333334,0.8333333333333334,0.8333333333333334,0.8333333333333334,0.8333333333333334,0.8333333333333334,0.8333333333333334,0.8333333333333334,0.8333333333333334,0.8333333333333334,0.8333333333333334,0.8333333333333334,0.8333333333333334,0.8333333333333334,1.0,0.8333333333333334,1.0,1.0,1.0,1.0,0.8712121212121212
c3874,6,0.8333333333333334,0.8333333333333334,0.8333333333333334,0.8333333333333334,0.8333333333333334,0.8333333333333334,0.8333333333333334,0.8333333333333334,0.8333333333333334,0.8333333333333334,0.8333333333333334,0.8333333333333334,0.8333333333333334,0.8333333333333334,0.8333333333333334,0.8333333333333334,0.8333333333333334,1.0,1.0,1.0,1.0,1.0,0.8712121212121212
c3744,5,1.0,1.0,1.0,1.0,1.0,1.0,1.0,1.0,1.0,1.0,1.0,1.0,1.0,1.0,1.0,0.4,1.0,0.8,1.0,0.0,1.0,0.0,0.8727272727272727
c3730,7,0.8571428571428571,0.8571428571428571,0.8571428571428571,0.8571428571428571,0.8571428571428571,0.8571428571428571,1.0,0.8571428571428571,1.0,0.8571428571428571,0.8571428571428571,1.0,0.8571428571428571,0.8571428571428571,0.8571428571428571,0.7142857142857143,1.0,0.2857142857142857,1.0,1.0,1.0,1.0,0.8766233766233766
c0326,35,0.9714285714285714,0.9714285714285714,0.9714285714285714,0.9714285714285714,0.9714285714285714,0.9714285714285714,0.9714285714285714,0.9714285714285714,0.9714285714285714,0.9714285714285714,0.9714285714285714,0.9714285714285714,0.9714285714285714,0.9714285714285714,0.9714285714285714,0.9714285714285714,1.0,0.9714285714285714,1.0,0.0,1.0,0.0,0.887012987012987
c4450,40,0.925,0.925,0.925,0.925,0.925,0.925,0.925,0.925,0.925,0.925,0.925,0.925,0.925,0.925,0.925,0.675,1.0,0.05,1.0,1.0,1.0,1.0,0.8909090909090909
c1470,67,0.9850746268656716,0.9850746268656716,0.9850746268656716,0.9850746268656716,0.9850746268656716,0.9850746268656716,0.9850746268656716,0.9850746268656716,0.9850746268656716,0.9850746268656716,0.9850746268656716,0.9850746268656716,0.9850746268656716,0.9850746268656716,0.9850746268656716,0.9850746268656716,1.0,1.0,1.0,0.0,1.0,0.0,0.898236092265943
c4823,6,1.0,1.0,1.0,1.0,1.0,1.0,1.0,1.0,1.0,1.0,1.0,1.0,1.0,1.0,1.0,0.8333333333333334,1.0,1.0,0.0,1.0,1.0,0.0,0.9015151515151515
c7779,1,1.0,1.0,1.0,1.0,1.0,1.0,1.0,1.0,1.0,1.0,1.0,1.0,1.0,1.0,1.0,0.0,1.0,0.0,1.0,1.0,1.0,1.0,0.9090909090909091
c0960,1,1.0,1.0,1.0,1.0,1.0,1.0,1.0,1.0,1.0,1.0,1.0,1.0,1.0,1.0,1.0,1.0,1.0,1.0,0.0,1.0,0.0,1.0,0.9090909090909091
c1014,1,1.0,1.0,1.0,1.0,1.0,1.0,1.0,1.0,1.0,1.0,1.0,1.0,1.0,1.0,1.0,0.0,1.0,0.0,1.0,1.0,1.0,1.0,0.9090909090909091
c5668,8,1.0,1.0,1.0,1.0,1.0,1.0,1.0,1.0,1.0,1.0,1.0,1.0,1.0,1.0,1.0,0.0,1.0,0.0,1.0,1.0,1.0,1.0,0.9090909090909091
c5526,8,0.875,0.875,0.875,0.875,0.875,0.875,0.875,0.875,1.0,0.875,0.875,0.875,0.875,0.875,0.875,1.0,1.0,1.0,1.0,1.0,1.0,1.0,0.9204545454545454
c9526,3,1.0,1.0,1.0,1.0,1.0,1.0,1.0,1.0,1.0,1.0,1.0,1.0,1.0,1.0,1.0,0.6666666666666666,1.0,0.6666666666666666,0.0,1.0,1.0,1.0,0.9242424242424242
c5788,7,1.0,1.0,1.0,1.0,1.0,1.0,1.0,1.0,1.0,1.0,1.0,1.0,1.0,1.0,1.0,0.7142857142857143,1.0,0.7142857142857143,1.0,0.0,1.0,1.0,0.9285714285714286
c4456,8,0.875,0.875,0.875,0.875,0.875,0.875,1.0,0.875,1.0,0.875,0.875,1.0,0.875,0.875,0.875,1.0,1.0,1.0,1.0,1.0,1.0,1.0,0.9318181818181818
c2278,7,1.0,1.0,1.0,1.0,1.0,1.0,1.0,1.0,1.0,1.0,1.0,1.0,1.0,1.0,1.0,0.2857142857142857,1.0,0.2857142857142857,1.0,1.0,1.0,1.0,0.935064935064935
c5014,13,1.0,1.0,1.0,1.0,1.0,1.0,1.0,1.0,1.0,1.0,1.0,1.0,1.0,1.0,1.0,0.9230769230769231,1.0,0.9230769230769231,0.0,1.0,1.0,1.0,0.9475524475524476
c3803,38,1.0,1.0,1.0,1.0,1.0,1.0,1.0,1.0,1.0,1.0,1.0,1.0,1.0,1.0,1.0,0.9736842105263158,1.0,0.9736842105263158,1.0,0.0,1.0,1.0,0.9521531100478469
c2182,1,1.0,1.0,1.0,1.0,1.0,1.0,1.0,1.0,1.0,1.0,1.0,1.0,1.0,1.0,1.0,1.0,0.0,1.0,1.0,1.0,1.0,1.0,0.9545454545454546
c5432,2,1.0,1.0,1.0,1.0,1.0,1.0,1.0,1.0,1.0,1.0,1.0,1.0,1.0,1.0,1.0,1.0,1.0,0.0,1.0,1.0,1.0,1.0,0.9545454545454546
c4530,1,1.0,1.0,1.0,1.0,1.0,1.0,1.0,1.0,1.0,1.0,1.0,1.0,1.0,1.0,1.0,0.0,1.0,1.0,1.0,1.0,1.0,1.0,0.9545454545454546
c2520,1,1.0,1.0,1.0,1.0,1.0,1.0,1.0,1.0,1.0,1.0,1.0,1.0,1.0,1.0,1.0,1.0,1.0,0.0,1.0,1.0,1.0,1.0,0.9545454545454546
c0608,2,1.0,1.0,1.0,1.0,1.0,1.0,1.0,1.0,1.0,1.0,1.0,1.0,1.0,1.0,1.0,0.5,1.0,0.5,1.0,1.0,1.0,1.0,0.9545454545454546
c3384,2,1.0,1.0,1.0,1.0,1.0,1.0,1.0,1.0,1.0,1.0,1.0,1.0,1.0,1.0,1.0,0.5,1.0,0.5,1.0,1.0,1.0,1.0,0.9545454545454546
c3860,1,1.0,1.0,1.0,1.0,1.0,1.0,1.0,1.0,1.0,1.0,1.0,1.0,1.0,1.0,1.0,1.0,1.0,0.0,1.0,1.0,1.0,1.0,0.9545454545454546
c5808,2,1.0,1.0,1.0,1.0,1.0,1.0,1.0,1.0,1.0,1.0,1.0,1.0,1.0,1.0,1.0,0.5,1.0,0.5,1.0,1.0,1.0,1.0,0.9545454545454546
c3724,2,1.0,1.0,1.0,1.0,1.0,1.0,1.0,1.0,1.0,1.0,1.0,1.0,1.0,1.0,1.0,0.5,1.0,0.5,1.0,1.0,1.0,1.0,0.9545454545454546
c8133,2,1.0,1.0,1.0,1.0,1.0,1.0,1.0,1.0,1.0,1.0,1.0,1.0,1.0,1.0,1.0,0.0,1.0,1.0,1.0,1.0,1.0,1.0,0.9545454545454546
c5140,2,1.0,1.0,1.0,1.0,1.0,1.0,1.0,1.0,1.0,1.0,1.0,1.0,1.0,1.0,1.0,1.0,0.0,1.0,1.0,1.0,1.0,1.0,0.9545454545454546
c8335,4,1.0,1.0,1.0,1.0,1.0,1.0,1.0,1.0,1.0,1.0,1.0,1.0,1.0,1.0,1.0,0.5,1.0,0.75,1.0,1.0,1.0,1.0,0.9659090909090909
c9525,12,1.0,1.0,1.0,1.0,1.0,1.0,1.0,1.0,1.0,1.0,1.0,1.0,1.0,1.0,1.0,0.5833333333333334,1.0,0.6666666666666666,1.0,1.0,1.0,1.0,0.9659090909090909
c4722,76,0.9605263157894737,0.9605263157894737,0.9605263157894737,0.9605263157894737,0.9605263157894737,0.9605263157894737,0.9605263157894737,0.9605263157894737,0.9605263157894737,0.9605263157894737,0.9605263157894737,0.9605263157894737,0.9605263157894737,0.9605263157894737,0.9605263157894737,0.9736842105263158,1.0,0.9736842105263158,1.0,1.0,1.0,1.0,0.9706937799043063
c3476,21,0.9523809523809523,0.9523809523809523,0.9523809523809523,0.9523809523809523,0.9523809523809523,0.9523809523809523,0.9523809523809523,0.9523809523809523,1.0,0.9523809523809523,0.9523809523809523,1.0,0.9523809523809523,0.9523809523809523,0.9523809523809523,1.0,1.0,1.0,1.0,1.0,1.0,1.0,0.9718614718614719
c5206,29,0.9655172413793104,0.9655172413793104,0.9655172413793104,0.9655172413793104,0.9655172413793104,0.9655172413793104,0.9655172413793104,0.9655172413793104,0.9655172413793104,0.9655172413793104,0.9655172413793104,0.9655172413793104,0.9655172413793104,0.9655172413793104,0.9655172413793104,0.9655172413793104,1.0,0.9655172413793104,1.0,1.0,1.0,1.0,0.9733542319749217
c5276,28,0.9642857142857143,0.9642857142857143,0.9642857142857143,0.9642857142857143,0.9642857142857143,0.9642857142857143,0.9642857142857143,0.9642857142857143,0.9642857142857143,0.9642857142857143,0.9642857142857143,0.9642857142857143,0.9642857142857143,0.9642857142857143,0.9642857142857143,0.9642857142857143,1.0,1.0,1.0,1.0,1.0,1.0,0.974025974025974
c4194,2,1.0,1.0,1.0,1.0,1.0,1.0,1.0,1.0,1.0,1.0,1.0,1.0,1.0,1.0,1.0,1.0,1.0,0.5,1.0,1.0,1.0,1.0,0.9772727272727273
c2400,4,1.0,1.0,1.0,1.0,1.0,1.0,1.0,1.0,1.0,1.0,1.0,1.0,1.0,1.0,1.0,0.5,1.0,1.0,1.0,1.0,1.0,1.0,0.9772727272727273
c0606,2,1.0,1.0,1.0,1.0,1.0,1.0,1.0,1.0,1.0,1.0,1.0,1.0,1.0,1.0,1.0,1.0,0.5,1.0,1.0,1.0,1.0,1.0,0.9772727272727273
c2018,3,1.0,1.0,1.0,1.0,1.0,1.0,1.0,1.0,1.0,1.0,1.0,1.0,1.0,1.0,1.0,1.0,1.0,0.6666666666666666,1.0,1.0,1.0,1.0,0.9848484848484849
c3598,98,0.9795918367346939,0.9795918367346939,0.9795918367346939,0.9795918367346939,0.9795918367346939,0.9795918367346939,0.9795918367346939,0.9795918367346939,0.9897959183673469,0.9795918367346939,0.9795918367346939,0.9897959183673469,0.9795918367346939,0.9795918367346939,0.9795918367346939,0.9897959183673469,1.0,0.9897959183673469,1.0,1.0,1.0,1.0,0.9860853432282004
c5378,63,0.9841269841269841,0.9841269841269841,0.9841269841269841,0.9841269841269841,0.9841269841269841,0.9841269841269841,0.9841269841269841,0.9841269841269841,0.9841269841269841,0.9841269841269841,0.9841269841269841,0.9841269841269841,0.9841269841269841,0.9841269841269841,0.9841269841269841,0.9841269841269841,1.0,0.9841269841269841,1.0,1.0,1.0,1.0,0.9877344877344877
c0245,105,1.0,1.0,1.0,1.0,1.0,1.0,1.0,1.0,1.0,1.0,1.0,1.0,1.0,1.0,1.0,1.0,0.9904761904761905,0.8857142857142857,1.0,1.0,1.0,1.0,0.9943722943722944
c8087,24,1.0,1.0,1.0,1.0,1.0,1.0,1.0,1.0,1.0,1.0,1.0,1.0,1.0,1.0,1.0,1.0,0.9583333333333334,1.0,1.0,1.0,1.0,1.0,0.9981060606060606
c4593,171,1.0,1.0,1.0,1.0,1.0,1.0,1.0,1.0,1.0,1.0,1.0,1.0,1.0,1.0,1.0,1.0,1.0,0.9941520467836257,1.0,1.0,1.0,1.0,0.9997341839447103
c0416,1,1.0,1.0,1.0,1.0,1.0,1.0,1.0,1.0,1.0,1.0,1.0,1.0,1.0,1.0,1.0,1.0,1.0,1.0,1.0,1.0,1.0,1.0,1.0
c0414,1,1.0,1.0,1.0,1.0,1.0,1.0,1.0,1.0,1.0,1.0,1.0,1.0,1.0,1.0,1.0,1.0,1.0,1.0,1.0,1.0,1.0,1.0,1.0
c7871,1,1.0,1.0,1.0,1.0,1.0,1.0,1.0,1.0,1.0,1.0,1.0,1.0,1.0,1.0,1.0,1.0,1.0,1.0,1.0,1.0,1.0,1.0,1.0
c0418,1,1.0,1.0,1.0,1.0,1.0,1.0,1.0,1.0,1.0,1.0,1.0,1.0,1.0,1.0,1.0,1.0,1.0,1.0,1.0,1.0,1.0,1.0,1.0
c0420,1,1.0,1.0,1.0,1.0,1.0,1.0,1.0,1.0,1.0,1.0,1.0,1.0,1.0,1.0,1.0,1.0,1.0,1.0,1.0,1.0,1.0,1.0,1.0
c5594,1,1.0,1.0,1.0,1.0,1.0,1.0,1.0,1.0,1.0,1.0,1.0,1.0,1.0,1.0,1.0,1.0,1.0,1.0,1.0,1.0,1.0,1.0,1.0
c9911,1,1.0,1.0,1.0,1.0,1.0,1.0,1.0,1.0,1.0,1.0,1.0,1.0,1.0,1.0,1.0,1.0,1.0,1.0,1.0,1.0,1.0,1.0,1.0
c0422,1,1.0,1.0,1.0,1.0,1.0,1.0,1.0,1.0,1.0,1.0,1.0,1.0,1.0,1.0,1.0,1.0,1.0,1.0,1.0,1.0,1.0,1.0,1.0
c3964,1,1.0,1.0,1.0,1.0,1.0,1.0,1.0,1.0,1.0,1.0,1.0,1.0,1.0,1.0,1.0,1.0,1.0,1.0,1.0,1.0,1.0,1.0,1.0
c9913,1,1.0,1.0,1.0,1.0,1.0,1.0,1.0,1.0,1.0,1.0,1.0,1.0,1.0,1.0,1.0,1.0,1.0,1.0,1.0,1.0,1.0,1.0,1.0
c0008,1,1.0,1.0,1.0,1.0,1.0,1.0,1.0,1.0,1.0,1.0,1.0,1.0,1.0,1.0,1.0,1.0,1.0,1.0,1.0,1.0,1.0,1.0,1.0
c0424,1,1.0,1.0,1.0,1.0,1.0,1.0,1.0,1.0,1.0,1.0,1.0,1.0,1.0,1.0,1.0,1.0,1.0,1.0,1.0,1.0,1.0,1.0,1.0
c3702,8,1.0,1.0,1.0,1.0,1.0,1.0,1.0,1.0,1.0,1.0,1.0,1.0,1.0,1.0,1.0,1.0,1.0,1.0,1.0,1.0,1.0,1.0,1.0
c5598,1,1.0,1.0,1.0,1.0,1.0,1.0,1.0,1.0,1.0,1.0,1.0,1.0,1.0,1.0,1.0,1.0,1.0,1.0,1.0,1.0,1.0,1.0,1.0
c0148,1,1.0,1.0,1.0,1.0,1.0,1.0,1.0,1.0,1.0,1.0,1.0,1.0,1.0,1.0,1.0,1.0,1.0,1.0,1.0,1.0,1.0,1.0,1.0
c3666,4,1.0,1.0,1.0,1.0,1.0,1.0,1.0,1.0,1.0,1.0,1.0,1.0,1.0,1.0,1.0,1.0,1.0,1.0,1.0,1.0,1.0,1.0,1.0
c3486,21,1.0,1.0,1.0,1.0,1.0,1.0,1.0,1.0,1.0,1.0,1.0,1.0,1.0,1.0,1.0,1.0,1.0,1.0,1.0,1.0,1.0,1.0,1.0
c7142,1,1.0,1.0,1.0,1.0,1.0,1.0,1.0,1.0,1.0,1.0,1.0,1.0,1.0,1.0,1.0,1.0,1.0,1.0,1.0,1.0,1.0,1.0,1.0
c3826,2,1.0,1.0,1.0,1.0,1.0,1.0,1.0,1.0,1.0,1.0,1.0,1.0,1.0,1.0,1.0,1.0,1.0,1.0,1.0,1.0,1.0,1.0,1.0
c6536,53,1.0,1.0,1.0,1.0,1.0,1.0,1.0,1.0,1.0,1.0,1.0,1.0,1.0,1.0,1.0,1.0,1.0,1.0,1.0,1.0,1.0,1.0,1.0
c3316,1,1.0,1.0,1.0,1.0,1.0,1.0,1.0,1.0,1.0,1.0,1.0,1.0,1.0,1.0,1.0,1.0,1.0,1.0,1.0,1.0,1.0,1.0,1.0
c6350,1,1.0,1.0,1.0,1.0,1.0,1.0,1.0,1.0,1.0,1.0,1.0,1.0,1.0,1.0,1.0,1.0,1.0,1.0,1.0,1.0,1.0,1.0,1.0
c3472,4,1.0,1.0,1.0,1.0,1.0,1.0,1.0,1.0,1.0,1.0,1.0,1.0,1.0,1.0,1.0,1.0,1.0,1.0,1.0,1.0,1.0,1.0,1.0
c3840,4,1.0,1.0,1.0,1.0,1.0,1.0,1.0,1.0,1.0,1.0,1.0,1.0,1.0,1.0,1.0,1.0,1.0,1.0,1.0,1.0,1.0,1.0,1.0
c3856,1,1.0,1.0,1.0,1.0,1.0,1.0,1.0,1.0,1.0,1.0,1.0,1.0,1.0,1.0,1.0,1.0,1.0,1.0,1.0,1.0,1.0,1.0,1.0
c0324,21,1.0,1.0,1.0,1.0,1.0,1.0,1.0,1.0,1.0,1.0,1.0,1.0,1.0,1.0,1.0,1.0,1.0,1.0,1.0,1.0,1.0,1.0,1.0
c8159,3,1.0,1.0,1.0,1.0,1.0,1.0,1.0,1.0,1.0,1.0,1.0,1.0,1.0,1.0,1.0,1.0,1.0,1.0,1.0,1.0,1.0,1.0,1.0
c8255,1,1.0,1.0,1.0,1.0,1.0,1.0,1.0,1.0,1.0,1.0,1.0,1.0,1.0,1.0,1.0,1.0,1.0,1.0,1.0,1.0,1.0,1.0,1.0
c5747,1,1.0,1.0,1.0,1.0,1.0,1.0,1.0,1.0,1.0,1.0,1.0,1.0,1.0,1.0,1.0,1.0,1.0,1.0,1.0,1.0,1.0,1.0,1.0
c5746,4,1.0,1.0,1.0,1.0,1.0,1.0,1.0,1.0,1.0,1.0,1.0,1.0,1.0,1.0,1.0,1.0,1.0,1.0,1.0,1.0,1.0,1.0,1.0
c5732,4,1.0,1.0,1.0,1.0,1.0,1.0,1.0,1.0,1.0,1.0,1.0,1.0,1.0,1.0,1.0,1.0,1.0,1.0,1.0,1.0,1.0,1.0,1.0
c3584,5,1.0,1.0,1.0,1.0,1.0,1.0,1.0,1.0,1.0,1.0,1.0,1.0,1.0,1.0,1.0,1.0,1.0,1.0,1.0,1.0,1.0,1.0,1.0
c0330,10,1.0,1.0,1.0,1.0,1.0,1.0,1.0,1.0,1.0,1.0,1.0,1.0,1.0,1.0,1.0,1.0,1.0,1.0,1.0,1.0,1.0,1.0,1.0
c0334,35,1.0,1.0,1.0,1.0,1.0,1.0,1.0,1.0,1.0,1.0,1.0,1.0,1.0,1.0,1.0,1.0,1.0,1.0,1.0,1.0,1.0,1.0,1.0
c3600,4,1.0,1.0,1.0,1.0,1.0,1.0,1.0,1.0,1.0,1.0,1.0,1.0,1.0,1.0,1.0,1.0,1.0,1.0,1.0,1.0,1.0,1.0,1.0
c9651,6,1.0,1.0,1.0,1.0,1.0,1.0,1.0,1.0,1.0,1.0,1.0,1.0,1.0,1.0,1.0,1.0,1.0,1.0,1.0,1.0,1.0,1.0,1.0
c0150,1,1.0,1.0,1.0,1.0,1.0,1.0,1.0,1.0,1.0,1.0,1.0,1.0,1.0,1.0,1.0,1.0,1.0,1.0,1.0,1.0,1.0,1.0,1.0
c0336,35,1.0,1.0,1.0,1.0,1.0,1.0,1.0,1.0,1.0,1.0,1.0,1.0,1.0,1.0,1.0,1.0,1.0,1.0,1.0,1.0,1.0,1.0,1.0
c3896,6,1.0,1.0,1.0,1.0,1.0,1.0,1.0,1.0,1.0,1.0,1.0,1.0,1.0,1.0,1.0,1.0,1.0,1.0,1.0,1.0,1.0,1.0,1.0
c3614,4,1.0,1.0,1.0,1.0,1.0,1.0,1.0,1.0,1.0,1.0,1.0,1.0,1.0,1.0,1.0,1.0,1.0,1.0,1.0,1.0,1.0,1.0,1.0
c0368,1,1.0,1.0,1.0,1.0,1.0,1.0,1.0,1.0,1.0,1.0,1.0,1.0,1.0,1.0,1.0,1.0,1.0,1.0,1.0,1.0,1.0,1.0,1.0
c0392,2,1.0,1.0,1.0,1.0,1.0,1.0,1.0,1.0,1.0,1.0,1.0,1.0,1.0,1.0,1.0,1.0,1.0,1.0,1.0,1.0,1.0,1.0,1.0
c0106,1,1.0,1.0,1.0,1.0,1.0,1.0,1.0,1.0,1.0,1.0,1.0,1.0,1.0,1.0,1.0,1.0,1.0,1.0,1.0,1.0,1.0,1.0,1.0
c0102,1,1.0,1.0,1.0,1.0,1.0,1.0,1.0,1.0,1.0,1.0,1.0,1.0,1.0,1.0,1.0,1.0,1.0,1.0,1.0,1.0,1.0,1.0,1.0
c0398,2,1.0,1.0,1.0,1.0,1.0,1.0,1.0,1.0,1.0,1.0,1.0,1.0,1.0,1.0,1.0,1.0,1.0,1.0,1.0,1.0,1.0,1.0,1.0
c9705,18,1.0,1.0,1.0,1.0,1.0,1.0,1.0,1.0,1.0,1.0,1.0,1.0,1.0,1.0,1.0,1.0,1.0,1.0,1.0,1.0,1.0,1.0,1.0
c0428,5,1.0,1.0,1.0,1.0,1.0,1.0,1.0,1.0,1.0,1.0,1.0,1.0,1.0,1.0,1.0,1.0,1.0,1.0,1.0,1.0,1.0,1.0,1.0
c2032,1,1.0,1.0,1.0,1.0,1.0,1.0,1.0,1.0,1.0,1.0,1.0,1.0,1.0,1.0,1.0,1.0,1.0,1.0,1.0,1.0,1.0,1.0,1.0
c3312,1,1.0,1.0,1.0,1.0,1.0,1.0,1.0,1.0,1.0,1.0,1.0,1.0,1.0,1.0,1.0,1.0,1.0,1.0,1.0,1.0,1.0,1.0,1.0
c2436,2,1.0,1.0,1.0,1.0,1.0,1.0,1.0,1.0,1.0,1.0,1.0,1.0,1.0,1.0,1.0,1.0,1.0,1.0,1.0,1.0,1.0,1.0,1.0
c2458,1,1.0,1.0,1.0,1.0,1.0,1.0,1.0,1.0,1.0,1.0,1.0,1.0,1.0,1.0,1.0,1.0,1.0,1.0,1.0,1.0,1.0,1.0,1.0
c2488,1,1.0,1.0,1.0,1.0,1.0,1.0,1.0,1.0,1.0,1.0,1.0,1.0,1.0,1.0,1.0,1.0,1.0,1.0,1.0,1.0,1.0,1.0,1.0
c2516,4,1.0,1.0,1.0,1.0,1.0,1.0,1.0,1.0,1.0,1.0,1.0,1.0,1.0,1.0,1.0,1.0,1.0,1.0,1.0,1.0,1.0,1.0,1.0
c4414,2,1.0,1.0,1.0,1.0,1.0,1.0,1.0,1.0,1.0,1.0,1.0,1.0,1.0,1.0,1.0,1.0,1.0,1.0,1.0,1.0,1.0,1.0,1.0
c5054,4,1.0,1.0,1.0,1.0,1.0,1.0,1.0,1.0,1.0,1.0,1.0,1.0,1.0,1.0,1.0,1.0,1.0,1.0,1.0,1.0,1.0,1.0,1.0
c5058,1,1.0,1.0,1.0,1.0,1.0,1.0,1.0,1.0,1.0,1.0,1.0,1.0,1.0,1.0,1.0,1.0,1.0,1.0,1.0,1.0,1.0,1.0,1.0
c5062,9,1.0,1.0,1.0,1.0,1.0,1.0,1.0,1.0,1.0,1.0,1.0,1.0,1.0,1.0,1.0,1.0,1.0,1.0,1.0,1.0,1.0,1.0,1.0
c2538,20,1.0,1.0,1.0,1.0,1.0,1.0,1.0,1.0,1.0,1.0,1.0,1.0,1.0,1.0,1.0,1.0,1.0,1.0,1.0,1.0,1.0,1.0,1.0
c1262,2,1.0,1.0,1.0,1.0,1.0,1.0,1.0,1.0,1.0,1.0,1.0,1.0,1.0,1.0,1.0,1.0,1.0,1.0,1.0,1.0,1.0,1.0,1.0
c1240,1,1.0,1.0,1.0,1.0,1.0,1.0,1.0,1.0,1.0,1.0,1.0,1.0,1.0,1.0,1.0,1.0,1.0,1.0,1.0,1.0,1.0,1.0,1.0
c5114,2,1.0,1.0,1.0,1.0,1.0,1.0,1.0,1.0,1.0,1.0,1.0,1.0,1.0,1.0,1.0,1.0,1.0,1.0,1.0,1.0,1.0,1.0,1.0
c5120,1,1.0,1.0,1.0,1.0,1.0,1.0,1.0,1.0,1.0,1.0,1.0,1.0,1.0,1.0,1.0,1.0,1.0,1.0,1.0,1.0,1.0,1.0,1.0
c1226,1,1.0,1.0,1.0,1.0,1.0,1.0,1.0,1.0,1.0,1.0,1.0,1.0,1.0,1.0,1.0,1.0,1.0,1.0,1.0,1.0,1.0,1.0,1.0
c1224,1,1.0,1.0,1.0,1.0,1.0,1.0,1.0,1.0,1.0,1.0,1.0,1.0,1.0,1.0,1.0,1.0,1.0,1.0,1.0,1.0,1.0,1.0,1.0
c2620,1,1.0,1.0,1.0,1.0,1.0,1.0,1.0,1.0,1.0,1.0,1.0,1.0,1.0,1.0,1.0,1.0,1.0,1.0,1.0,1.0,1.0,1.0,1.0
c2650,1,1.0,1.0,1.0,1.0,1.0,1.0,1.0,1.0,1.0,1.0,1.0,1.0,1.0,1.0,1.0,1.0,1.0,1.0,1.0,1.0,1.0,1.0,1.0
c5148,9,1.0,1.0,1.0,1.0,1.0,1.0,1.0,1.0,1.0,1.0,1.0,1.0,1.0,1.0,1.0,1.0,1.0,1.0,1.0,1.0,1.0,1.0,1.0
c1170,1,1.0,1.0,1.0,1.0,1.0,1.0,1.0,1.0,1.0,1.0,1.0,1.0,1.0,1.0,1.0,1.0,1.0,1.0,1.0,1.0,1.0,1.0,1.0
c1148,2,1.0,1.0,1.0,1.0,1.0,1.0,1.0,1.0,1.0,1.0,1.0,1.0,1.0,1.0,1.0,1.0,1.0,1.0,1.0,1.0,1.0,1.0,1.0
c1144,2,1.0,1.0,1.0,1.0,1.0,1.0,1.0,1.0,1.0,1.0,1.0,1.0,1.0,1.0,1.0,1.0,1.0,1.0,1.0,1.0,1.0,1.0,1.0
c2900,1,1.0,1.0,1.0,1.0,1.0,1.0,1.0,1.0,1.0,1.0,1.0,1.0,1.0,1.0,1.0,1.0,1.0,1.0,1.0,1.0,1.0,1.0,1.0
c1138,1,1.0,1.0,1.0,1.0,1.0,1.0,1.0,1.0,1.0,1.0,1.0,1.0,1.0,1.0,1.0,1.0,1.0,1.0,1.0,1.0,1.0,1.0,1.0
c4910,3,1.0,1.0,1.0,1.0,1.0,1.0,1.0,1.0,1.0,1.0,1.0,1.0,1.0,1.0,1.0,1.0,1.0,1.0,1.0,1.0,1.0,1.0,1.0
c1124,4,1.0,1.0,1.0,1.0,1.0,1.0,1.0,1.0,1.0,1.0,1.0,1.0,1.0,1.0,1.0,1.0,1.0,1.0,1.0,1.0,1.0,1.0,1.0
c1410,1,1.0,1.0,1.0,1.0,1.0,1.0,1.0,1.0,1.0,1.0,1.0,1.0,1.0,1.0,1.0,1.0,1.0,1.0,1.0,1.0,1.0,1.0,1.0
c1442,10,1.0,1.0,1.0,1.0,1.0,1.0,1.0,1.0,1.0,1.0,1.0,1.0,1.0,1.0,1.0,1.0,1.0,1.0,1.0,1.0,1.0,1.0,1.0
c4678,1,1.0,1.0,1.0,1.0,1.0,1.0,1.0,1.0,1.0,1.0,1.0,1.0,1.0,1.0,1.0,1.0,1.0,1.0,1.0,1.0,1.0,1.0,1.0
c4668,7,1.0,1.0,1.0,1.0,1.0,1.0,1.0,1.0,1.0,1.0,1.0,1.0,1.0,1.0,1.0,1.0,1.0,1.0,1.0,1.0,1.0,1.0,1.0
c2054,3,1.0,1.0,1.0,1.0,1.0,1.0,1.0,1.0,1.0,1.0,1.0,1.0,1.0,1.0,1.0,1.0,1.0,1.0,1.0,1.0,1.0,1.0,1.0
c4660,12,1.0,1.0,1.0,1.0,1.0,1.0,1.0,1.0,1.0,1.0,1.0,1.0,1.0,1.0,1.0,1.0,1.0,1.0,1.0,1.0,1.0,1.0,1.0
c2064,1,1.0,1.0,1.0,1.0,1.0,1.0,1.0,1.0,1.0,1.0,1.0,1.0,1.0,1.0,1.0,1.0,1.0,1.0,1.0,1.0,1.0,1.0,1.0
c2102,1,1.0,1.0,1.0,1.0,1.0,1.0,1.0,1.0,1.0,1.0,1.0,1.0,1.0,1.0,1.0,1.0,1.0,1.0,1.0,1.0,1.0,1.0,1.0
c1870,2,1.0,1.0,1.0,1.0,1.0,1.0,1.0,1.0,1.0,1.0,1.0,1.0,1.0,1.0,1.0,1.0,1.0,1.0,1.0,1.0,1.0,1.0,1.0
c4626,3,1.0,1.0,1.0,1.0,1.0,1.0,1.0,1.0,1.0,1.0,1.0,1.0,1.0,1.0,1.0,1.0,1.0,1.0,1.0,1.0,1.0,1.0,1.0
c4786,1,1.0,1.0,1.0,1.0,1.0,1.0,1.0,1.0,1.0,1.0,1.0,1.0,1.0,1.0,1.0,1.0,1.0,1.0,1.0,1.0,1.0,1.0,1.0
c2196,1,1.0,1.0,1.0,1.0,1.0,1.0,1.0,1.0,1.0,1.0,1.0,1.0,1.0,1.0,1.0,1.0,1.0,1.0,1.0,1.0,1.0,1.0,1.0
c4792,1,1.0,1.0,1.0,1.0,1.0,1.0,1.0,1.0,1.0,1.0,1.0,1.0,1.0,1.0,1.0,1.0,1.0,1.0,1.0,1.0,1.0,1.0,1.0
c2308,1,1.0,1.0,1.0,1.0,1.0,1.0,1.0,1.0,1.0,1.0,1.0,1.0,1.0,1.0,1.0,1.0,1.0,1.0,1.0,1.0,1.0,1.0,1.0
c2350,1,1.0,1.0,1.0,1.0,1.0,1.0,1.0,1.0,1.0,1.0,1.0,1.0,1.0,1.0,1.0,1.0,1.0,1.0,1.0,1.0,1.0,1.0,1.0
c1614,2,1.0,1.0,1.0,1.0,1.0,1.0,1.0,1.0,1.0,1.0,1.0,1.0,1.0,1.0,1.0,1.0,1.0,1.0,1.0,1.0,1.0,1.0,1.0
c4821,1,1.0,1.0,1.0,1.0,1.0,1.0,1.0,1.0,1.0,1.0,1.0,1.0,1.0,1.0,1.0,1.0,1.0,1.0,1.0,1.0,1.0,1.0,1.0
c1554,5,1.0,1.0,1.0,1.0,1.0,1.0,1.0,1.0,1.0,1.0,1.0,1.0,1.0,1.0,1.0,1.0,1.0,1.0,1.0,1.0,1.0,1.0,1.0
c1522,1,1.0,1.0,1.0,1.0,1.0,1.0,1.0,1.0,1.0,1.0,1.0,1.0,1.0,1.0,1.0,1.0,1.0,1.0,1.0,1.0,1.0,1.0,1.0
c1452,2,1.0,1.0,1.0,1.0,1.0,1.0,1.0,1.0,1.0,1.0,1.0,1.0,1.0,1.0,1.0,1.0,1.0,1.0,1.0,1.0,1.0,1.0,1.0
c4446,2,1.0,1.0,1.0,1.0,1.0,1.0,1.0,1.0,1.0,1.0,1.0,1.0,1.0,1.0,1.0,1.0,1.0,1.0,1.0,1.0,1.0,1.0,1.0
c2424,1,1.0,1.0,1.0,1.0,1.0,1.0,1.0,1.0,1.0,1.0,1.0,1.0,1.0,1.0,1.0,1.0,1.0,1.0,1.0,1.0,1.0,1.0,1.0
c1444,10,1.0,1.0,1.0,1.0,1.0,1.0,1.0,1.0,1.0,1.0,1.0,1.0,1.0,1.0,1.0,1.0,1.0,1.0,1.0,1.0,1.0,1.0,1.0
c2428,2,1.0,1.0,1.0,1.0,1.0,1.0,1.0,1.0,1.0,1.0,1.0,1.0,1.0,1.0,1.0,1.0,1.0,1.0,1.0,1.0,1.0,1.0,1.0
c2432,4,1.0,1.0,1.0,1.0,1.0,1.0,1.0,1.0,1.0,1.0,1.0,1.0,1.0,1.0,1.0,1.0,1.0,1.0,1.0,1.0,1.0,1.0,1.0
c1428,13,1.0,1.0,1.0,1.0,1.0,1.0,1.0,1.0,1.0,1.0,1.0,1.0,1.0,1.0,1.0,1.0,1.0,1.0,1.0,1.0,1.0,1.0,1.0
c0430,7,1.0,1.0,1.0,1.0,1.0,1.0,1.0,1.0,1.0,1.0,1.0,1.0,1.0,1.0,1.0,1.0,1.0,1.0,1.0,1.0,1.0,1.0,1.0
c1116,2,1.0,1.0,1.0,1.0,1.0,1.0,1.0,1.0,1.0,1.0,1.0,1.0,1.0,1.0,1.0,1.0,1.0,1.0,1.0,1.0,1.0,1.0,1.0
c1106,1,1.0,1.0,1.0,1.0,1.0,1.0,1.0,1.0,1.0,1.0,1.0,1.0,1.0,1.0,1.0,1.0,1.0,1.0,1.0,1.0,1.0,1.0,1.0
c0686,1,1.0,1.0,1.0,1.0,1.0,1.0,1.0,1.0,1.0,1.0,1.0,1.0,1.0,1.0,1.0,1.0,1.0,1.0,1.0,1.0,1.0,1.0,1.0
c0684,2,1.0,1.0,1.0,1.0,1.0,1.0,1.0,1.0,1.0,1.0,1.0,1.0,1.0,1.0,1.0,1.0,1.0,1.0,1.0,1.0,1.0,1.0,1.0
c0670,1,1.0,1.0,1.0,1.0,1.0,1.0,1.0,1.0,1.0,1.0,1.0,1.0,1.0,1.0,1.0,1.0,1.0,1.0,1.0,1.0,1.0,1.0,1.0
c0636,1,1.0,1.0,1.0,1.0,1.0,1.0,1.0,1.0,1.0,1.0,1.0,1.0,1.0,1.0,1.0,1.0,1.0,1.0,1.0,1.0,1.0,1.0,1.0
c4206,6,1.0,1.0,1.0,1.0,1.0,1.0,1.0,1.0,1.0,1.0,1.0,1.0,1.0,1.0,1.0,1.0,1.0,1.0,1.0,1.0,1.0,1.0,1.0
c0626,1,1.0,1.0,1.0,1.0,1.0,1.0,1.0,1.0,1.0,1.0,1.0,1.0,1.0,1.0,1.0,1.0,1.0,1.0,1.0,1.0,1.0,1.0,1.0
c4196,4,1.0,1.0,1.0,1.0,1.0,1.0,1.0,1.0,1.0,1.0,1.0,1.0,1.0,1.0,1.0,1.0,1.0,1.0,1.0,1.0,1.0,1.0,1.0
c0596,1,1.0,1.0,1.0,1.0,1.0,1.0,1.0,1.0,1.0,1.0,1.0,1.0,1.0,1.0,1.0,1.0,1.0,1.0,1.0,1.0,1.0,1.0,1.0
c0586,1,1.0,1.0,1.0,1.0,1.0,1.0,1.0,1.0,1.0,1.0,1.0,1.0,1.0,1.0,1.0,1.0,1.0,1.0,1.0,1.0,1.0,1.0,1.0
c0574,1,1.0,1.0,1.0,1.0,1.0,1.0,1.0,1.0,1.0,1.0,1.0,1.0,1.0,1.0,1.0,1.0,1.0,1.0,1.0,1.0,1.0,1.0,1.0
c0568,7,1.0,1.0,1.0,1.0,1.0,1.0,1.0,1.0,1.0,1.0,1.0,1.0,1.0,1.0,1.0,1.0,1.0,1.0,1.0,1.0,1.0,1.0,1.0
c0539,21,1.0,1.0,1.0,1.0,1.0,1.0,1.0,1.0,1.0,1.0,1.0,1.0,1.0,1.0,1.0,1.0,1.0,1.0,1.0,1.0,1.0,1.0,1.0
c3226,1,1.0,1.0,1.0,1.0,1.0,1.0,1.0,1.0,1.0,1.0,1.0,1.0,1.0,1.0,1.0,1.0,1.0,1.0,1.0,1.0,1.0,1.0,1.0
c3230,2,1.0,1.0,1.0,1.0,1.0,1.0,1.0,1.0,1.0,1.0,1.0,1.0,1.0,1.0,1.0,1.0,1.0,1.0,1.0,1.0,1.0,1.0,1.0
c4126,22,1.0,1.0,1.0,1.0,1.0,1.0,1.0,1.0,1.0,1.0,1.0,1.0,1.0,1.0,1.0,1.0,1.0,1.0,1.0,1.0,1.0,1.0,1.0
c4076,9,1.0,1.0,1.0,1.0,1.0,1.0,1.0,1.0,1.0,1.0,1.0,1.0,1.0,1.0,1.0,1.0,1.0,1.0,1.0,1.0,1.0,1.0,1.0
c0482,7,1.0,1.0,1.0,1.0,1.0,1.0,1.0,1.0,1.0,1.0,1.0,1.0,1.0,1.0,1.0,1.0,1.0,1.0,1.0,1.0,1.0,1.0,1.0
c0474,1,1.0,1.0,1.0,1.0,1.0,1.0,1.0,1.0,1.0,1.0,1.0,1.0,1.0,1.0,1.0,1.0,1.0,1.0,1.0,1.0,1.0,1.0,1.0
c3278,2,1.0,1.0,1.0,1.0,1.0,1.0,1.0,1.0,1.0,1.0,1.0,1.0,1.0,1.0,1.0,1.0,1.0,1.0,1.0,1.0,1.0,1.0,1.0
c0446,8,1.0,1.0,1.0,1.0,1.0,1.0,1.0,1.0,1.0,1.0,1.0,1.0,1.0,1.0,1.0,1.0,1.0,1.0,1.0,1.0,1.0,1.0,1.0
c0442,7,1.0,1.0,1.0,1.0,1.0,1.0,1.0,1.0,1.0,1.0,1.0,1.0,1.0,1.0,1.0,1.0,1.0,1.0,1.0,1.0,1.0,1.0,1.0
c5500,6,1.0,1.0,1.0,1.0,1.0,1.0,1.0,1.0,1.0,1.0,1.0,1.0,1.0,1.0,1.0,1.0,1.0,1.0,1.0,1.0,1.0,1.0,1.0
c4048,5,1.0,1.0,1.0,1.0,1.0,1.0,1.0,1.0,1.0,1.0,1.0,1.0,1.0,1.0,1.0,1.0,1.0,1.0,1.0,1.0,1.0,1.0,1.0
c0708,10,1.0,1.0,1.0,1.0,1.0,1.0,1.0,1.0,1.0,1.0,1.0,1.0,1.0,1.0,1.0,1.0,1.0,1.0,1.0,1.0,1.0,1.0,1.0
c5232,6,1.0,1.0,1.0,1.0,1.0,1.0,1.0,1.0,1.0,1.0,1.0,1.0,1.0,1.0,1.0,1.0,1.0,1.0,1.0,1.0,1.0,1.0,1.0
c2028,3,1.0,1.0,1.0,1.0,1.0,1.0,1.0,1.0,1.0,1.0,1.0,1.0,1.0,1.0,1.0,1.0,1.0,1.0,1.0,1.0,1.0,1.0,1.0
c5354,5,1.0,1.0,1.0,1.0,1.0,1.0,1.0,1.0,1.0,1.0,1.0,1.0,1.0,1.0,1.0,1.0,1.0,1.0,1.0,1.0,1.0,1.0,1.0
c1104,1,1.0,1.0,1.0,1.0,1.0,1.0,1.0,1.0,1.0,1.0,1.0,1.0,1.0,1.0,1.0,1.0,1.0,1.0,1.0,1.0,1.0,1.0,1.0
c2920,1,1.0,1.0,1.0,1.0,1.0,1.0,1.0,1.0,1.0,1.0,1.0,1.0,1.0,1.0,1.0,1.0,1.0,1.0,1.0,1.0,1.0,1.0,1.0
c1063,426,1.0,1.0,1.0,1.0,1.0,1.0,1.0,1.0,1.0,1.0,1.0,1.0,1.0,1.0,1.0,1.0,1.0,1.0,1.0,1.0,1.0,1.0,1.0
c1050,7,1.0,1.0,1.0,1.0,1.0,1.0,1.0,1.0,1.0,1.0,1.0,1.0,1.0,1.0,1.0,1.0,1.0,1.0,1.0,1.0,1.0,1.0,1.0
c1006,2,1.0,1.0,1.0,1.0,1.0,1.0,1.0,1.0,1.0,1.0,1.0,1.0,1.0,1.0,1.0,1.0,1.0,1.0,1.0,1.0,1.0,1.0,1.0
c2930,2,1.0,1.0,1.0,1.0,1.0,1.0,1.0,1.0,1.0,1.0,1.0,1.0,1.0,1.0,1.0,1.0,1.0,1.0,1.0,1.0,1.0,1.0,1.0
c5270,1,1.0,1.0,1.0,1.0,1.0,1.0,1.0,1.0,1.0,1.0,1.0,1.0,1.0,1.0,1.0,1.0,1.0,1.0,1.0,1.0,1.0,1.0,1.0
c2938,1,1.0,1.0,1.0,1.0,1.0,1.0,1.0,1.0,1.0,1.0,1.0,1.0,1.0,1.0,1.0,1.0,1.0,1.0,1.0,1.0,1.0,1.0,1.0
c2944,1,1.0,1.0,1.0,1.0,1.0,1.0,1.0,1.0,1.0,1.0,1.0,1.0,1.0,1.0,1.0,1.0,1.0,1.0,1.0,1.0,1.0,1.0,1.0
c2996,2,1.0,1.0,1.0,1.0,1.0,1.0,1.0,1.0,1.0,1.0,1.0,1.0,1.0,1.0,1.0,1.0,1.0,1.0,1.0,1.0,1.0,1.0,1.0
c0920,2,1.0,1.0,1.0,1.0,1.0,1.0,1.0,1.0,1.0,1.0,1.0,1.0,1.0,1.0,1.0,1.0,1.0,1.0,1.0,1.0,1.0,1.0,1.0
c0916,8,1.0,1.0,1.0,1.0,1.0,1.0,1.0,1.0,1.0,1.0,1.0,1.0,1.0,1.0,1.0,1.0,1.0,1.0,1.0,1.0,1.0,1.0,1.0
c0824,1,1.0,1.0,1.0,1.0,1.0,1.0,1.0,1.0,1.0,1.0,1.0,1.0,1.0,1.0,1.0,1.0,1.0,1.0,1.0,1.0,1.0,1.0,1.0
c0814,9,1.0,1.0,1.0,1.0,1.0,1.0,1.0,1.0,1.0,1.0,1.0,1.0,1.0,1.0,1.0,1.0,1.0,1.0,1.0,1.0,1.0,1.0,1.0
c0802,6,1.0,1.0,1.0,1.0,1.0,1.0,1.0,1.0,1.0,1.0,1.0,1.0,1.0,1.0,1.0,1.0,1.0,1.0,1.0,1.0,1.0,1.0,1.0
c0800,13,1.0,1.0,1.0,1.0,1.0,1.0,1.0,1.0,1.0,1.0,1.0,1.0,1.0,1.0,1.0,1.0,1.0,1.0,1.0,1.0,1.0,1.0,1.0
c3164,7,1.0,1.0,1.0,1.0,1.0,1.0,1.0,1.0,1.0,1.0,1.0,1.0,1.0,1.0,1.0,1.0,1.0,1.0,1.0,1.0,1.0,1.0,1.0
c0796,4,1.0,1.0,1.0,1.0,1.0,1.0,1.0,1.0,1.0,1.0,1.0,1.0,1.0,1.0,1.0,1.0,1.0,1.0,1.0,1.0,1.0,1.0,1.0
c0792,5,1.0,1.0,1.0,1.0,1.0,1.0,1.0,1.0,1.0,1.0,1.0,1.0,1.0,1.0,1.0,1.0,1.0,1.0,1.0,1.0,1.0,1.0,1.0
c3170,33,1.0,1.0,1.0,1.0,1.0,1.0,1.0,1.0,1.0,1.0,1.0,1.0,1.0,1.0,1.0,1.0,1.0,1.0,1.0,1.0,1.0,1.0,1.0
c3172,37,1.0,1.0,1.0,1.0,1.0,1.0,1.0,1.0,1.0,1.0,1.0,1.0,1.0,1.0,1.0,1.0,1.0,1.0,1.0,1.0,1.0,1.0,1.0
c3206,1,1.0,1.0,1.0,1.0,1.0,1.0,1.0,1.0,1.0,1.0,1.0,1.0,1.0,1.0,1.0,1.0,1.0,1.0,1.0,1.0,1.0,1.0,1.0
c3216,1,1.0,1.0,1.0,1.0,1.0,1.0,1.0,1.0,1.0,1.0,1.0,1.0,1.0,1.0,1.0,1.0,1.0,1.0,1.0,1.0,1.0,1.0,1.0
c0712,4,1.0,1.0,1.0,1.0,1.0,1.0,1.0,1.0,1.0,1.0,1.0,1.0,1.0,1.0,1.0,1.0,1.0,1.0,1.0,1.0,1.0,1.0,1.0
c4210,2,1.0,1.0,1.0,1.0,1.0,1.0,1.0,1.0,1.0,1.0,1.0,1.0,1.0,1.0,1.0,1.0,1.0,1.0,1.0,1.0,1.0,1.0,1.0
